SAMPLE_ID,PAM50,Stage,M_Stage,N_Stage,T_Stage,OS_Months,OS_Status,DSS_Months,DSS_Status,DFS_Months,DFS_Status,PFS_Months,PFS_Status,Subtype,Without,TP53,PIK3CA,ERBB2,RB1,BRCA1_2
TCGA-3C-AAAU-01,BRCA_LumA,STAGE X,MX,NX,TX,133.0505967,0,133.0505967,0,59.44044449,1,59.44044449,1,HER2-,BRCA_LumA,WT,WT,WT,WT,WT
TCGA-3C-AALI-01,BRCA_Her2,STAGE II,M0,N+,T2,131.6697899,0,131.6697899,0,131.6697899,0,131.6697899,0,HER2+,BRCA_Her2,MUT,WT,WT,WT,WT
TCGA-3C-AALJ-01,BRCA_LumB,STAGE II,M0,N+,T2,48.45974291,0,48.45974291,0,48.45974291,0,48.45974291,0,,BRCA_LumB,WT,WT,WT,WT,WT
TCGA-3C-AALK-01,BRCA_LumA,STAGE I,M0,N0,T1,47.60495775,0,47.60495775,0,0,0,47.60495775,0,HER2-,BRCA_LumA,WT,MUT,WT,WT,WT
TCGA-4H-AAAK-01,BRCA_LumA,STAGE III,M0,N+,T2,11.44097051,0,11.44097051,0,11.44097051,0,11.44097051,0,HER2-,BRCA_LumA,WT,WT,MUT,WT,WT
TCGA-5L-AAT0-01,BRCA_LumA,STAGE II,M0,N0,T2,48.55837196,0,48.55837196,0,0,0,48.55837196,0,HER2-,BRCA_LumA,WT,MUT,WT,WT,WT
TCGA-5T-A9QA-01,BRCA_LumB,STAGE II,MX,NX,T2,9.961534668,0,9.961534668,0,0,0,9.961534668,0,,BRCA_LumB,WT,WT,WT,WT,WT
TCGA-A1-A0SB-01,BRCA_Normal,STAGE I,M0,N0,T1,8.514975178,0,8.514975178,0,8.514975178,0,8.514975178,0,,,WT,WT,WT,WT,WT
TCGA-A1-A0SD-01,BRCA_LumA,STAGE II,M0,N0,T2,14.36696584,0,14.36696584,0,14.36696584,0,14.36696584,0,HER2-,BRCA_LumA,WT,WT,WT,WT,WT
TCGA-A1-A0SE-01,BRCA_LumA,STAGE I,M0,N0,T1,43.42966105,0,43.42966105,0,43.42966105,0,43.42966105,0,HER2-,BRCA_LumA,WT,WT,WT,WT,WT
TCGA-A1-A0SF-01,BRCA_LumA,STAGE II,M0,N0,T2,48.09810303,0,48.09810303,0,48.09810303,0,48.09810303,0,HER2-,BRCA_LumA,WT,WT,WT,WT,WT
TCGA-A1-A0SG-01,BRCA_LumA,STAGE II,M0,N+,T2,14.26833679,0,14.26833679,0,14.26833679,0,14.26833679,0,HER2-,BRCA_LumA,WT,WT,WT,WT,WT
TCGA-A1-A0SH-01,BRCA_LumA,STAGE II,M0,N0,T2,47.24331788,0,47.24331788,0,47.24331788,0,47.24331788,0,HER2-,BRCA_LumA,WT,WT,WT,WT,MUT
TCGA-A1-A0SI-01,BRCA_LumB,STAGE II,M0,N+,T2,20.87648355,0,20.87648355,0,20.87648355,0,20.87648355,0,,BRCA_LumB,MUT,MUT,WT,MUT,MUT
TCGA-A1-A0SJ-01,BRCA_LumA,STAGE III,M0,N+,T3,13.67656245,0,13.67656245,0,13.67656245,0,13.67656245,0,HER2-,BRCA_LumA,WT,WT,WT,WT,WT
TCGA-A1-A0SK-01,BRCA_Basal,STAGE II,M0,N0,T2,31.79143242,1,31.79143242,1,0,0,31.79143242,1,HER2-,BRCA_Basal,MUT,WT,WT,WT,WT
TCGA-A1-A0SM-01,NA,STAGE II,M0,N0,T2,7.956077194,0,7.956077194,0,7.956077194,0,7.956077194,0,,,WT,WT,WT,WT,WT
TCGA-A1-A0SN-01,BRCA_LumB,STAGE II,MX,N+,T1,39.32011704,0,39.32011704,0,39.32011704,0,39.32011704,0,,BRCA_LumB,WT,WT,WT,WT,WT
TCGA-A1-A0SO-01,BRCA_Basal,STAGE II,M0,N+,T2,28.01065194,0,28.01065194,0,28.01065194,0,28.01065194,0,HER2-,BRCA_Basal,MUT,WT,WT,WT,MUT
TCGA-A1-A0SP-01,BRCA_Basal,STAGE II,M0,N0,T2,19.19978959,0,19.19978959,0,19.19978959,0,19.19978959,0,HER2-,BRCA_Basal,MUT,WT,WT,WT,WT
TCGA-A1-A0SQ-01,BRCA_LumA,STAGE II,MX,N+,T2,18.21349903,0,18.21349903,0,18.21349903,0,18.21349903,0,HER2-,BRCA_LumA,WT,WT,WT,WT,WT
TCGA-A2-A04N-01,BRCA_LumA,STAGE I,M0,N0,T1,143.1436368,0,143.1436368,0,143.1436368,0,143.1436368,0,HER2-,BRCA_LumA,WT,MUT,WT,WT,WT
TCGA-A2-A04P-01,BRCA_Basal,STAGE III,M0,N+,T2,18.01624092,1,18.01624092,1,0,0,3.353387908,1,HER2-,BRCA_Basal,MUT,MUT,WT,WT,MUT
TCGA-A2-A04Q-01,BRCA_Basal,STAGE I,M0,N0,T1,78.41009962,0,78.41009962,0,78.41009962,0,78.41009962,0,HER2-,BRCA_Basal,WT,WT,WT,WT,WT
TCGA-A2-A04R-01,BRCA_LumB,STAGE I,M0,N0,T1,121.9383897,0,121.9383897,0,121.9383897,0,121.9383897,0,,BRCA_LumB,WT,WT,WT,WT,WT
TCGA-A2-A04T-01,BRCA_Basal,STAGE II,M0,N0,T2,73.84028668,0,73.84028668,0,73.84028668,0,73.84028668,0,HER2-,BRCA_Basal,MUT,MUT,WT,WT,WT
TCGA-A2-A04U-01,BRCA_Basal,STAGE II,M0,N0,T2,87.25383831,0,87.25383831,0,87.25383831,0,87.25383831,0,HER2-,BRCA_Basal,MUT,WT,WT,WT,WT
TCGA-A2-A04V-01,BRCA_LumA,STAGE II,M0,N0,T2,63.12259592,1,63.12259592,1,48.3282375,1,48.3282375,1,HER2-,BRCA_LumA,WT,MUT,WT,WT,WT
TCGA-A2-A04W-01,BRCA_Her2,STAGE II,M0,N+,T2,101.982444,0,101.982444,0,101.982444,0,101.982444,0,HER2+,BRCA_Her2,MUT,MUT,WT,WT,WT
TCGA-A2-A04X-01,BRCA_Her2,STAGE II,M0,N0,T2,55.42952954,0,55.42952954,0,55.42952954,0,55.42952954,0,HER2+,BRCA_Her2,WT,WT,WT,WT,WT
TCGA-A2-A04Y-01,BRCA_LumB,STAGE II,M0,N+,T2,36.13111089,0,36.13111089,0,36.13111089,0,36.13111089,0,,BRCA_LumB,WT,WT,WT,WT,WT
TCGA-A2-A0CK-01,BRCA_LumA,STAGE III,M0,N+,T3,136.7327481,0,136.7327481,0,44.84334418,1,44.84334418,1,HER2-,BRCA_LumA,WT,WT,WT,WT,WT
TCGA-A2-A0CL-01,BRCA_Normal,STAGE III,M0,N+,T3,99.1222014,0,99.1222014,0,0,0,99.1222014,0,,,MUT,WT,WT,WT,WT
TCGA-A2-A0CM-01,BRCA_Basal,STAGE II,M0,N0,T2,24.78876944,1,24.78876944,1,12.55876648,1,12.55876648,1,HER2-,BRCA_Basal,MUT,WT,WT,WT,WT
TCGA-A2-A0CO-01,NA,STAGE II,M0,N0,T3,114.8042213,1,114.8042213,0,0,0,114.8042213,0,,,WT,WT,WT,WT,WT
TCGA-A2-A0CP-01,BRCA_LumA,STAGE I,M0,N0,T1,92.48117829,0,92.48117829,0,92.48117829,0,92.48117829,0,HER2-,BRCA_LumA,WT,MUT,WT,WT,WT
TCGA-A2-A0CQ-01,BRCA_LumA,STAGE I,M0,N0,T1,88.60176875,0,88.60176875,0,88.60176875,0,88.60176875,0,HER2-,BRCA_LumA,WT,WT,WT,WT,WT
TCGA-A2-A0CR-01,BRCA_LumA,STAGE II,M0,N0,T3,107.9330638,0,107.9330638,0,0,0,107.9330638,0,HER2-,BRCA_LumA,WT,MUT,WT,WT,WT
TCGA-A2-A0CS-01,BRCA_LumA,STAGE IV,M1,N+,T4,77.19367459,1,77.19367459,0,0,0,77.19367459,0,HER2-,BRCA_LumA,WT,MUT,WT,WT,WT
TCGA-A2-A0CT-01,BRCA_LumA,STAGE II,M0,N0,T2,75.25396982,0,75.25396982,0,75.25396982,0,75.25396982,0,HER2-,BRCA_LumA,WT,WT,WT,WT,WT
TCGA-A2-A0CU-01,BRCA_LumA,STAGE II,M0,N0,T2,5.194463622,1,5.194463622,0,0,0,5.194463622,0,HER2-,BRCA_LumA,WT,WT,WT,WT,WT
TCGA-A2-A0CV-01,BRCA_LumA,STAGE II,M0,N+,T2,98.99069599,0,98.99069599,0,98.99069599,0,98.99069599,0,HER2-,BRCA_LumA,WT,WT,WT,WT,WT
TCGA-A2-A0CW-01,BRCA_LumB,STAGE II,M0,N+,T2,107.9330638,0,107.9330638,0,107.9330638,0,107.9330638,0,,BRCA_LumB,MUT,MUT,WT,WT,WT
TCGA-A2-A0CX-01,BRCA_Her2,STAGE II,M0,N0,T2,56.81033633,0,56.81033633,0,56.81033633,0,56.81033633,0,HER2+,BRCA_Her2,MUT,WT,WT,WT,WT
TCGA-A2-A0CZ-01,NA,STAGE II,M0,N0,T2,53.1281849,0,53.1281849,0,0,0,53.1281849,0,,,WT,WT,WT,WT,WT
TCGA-A2-A0D0-01,BRCA_Basal,STAGE II,M0,N0,T2,67.33076898,0,67.33076898,0,67.33076898,0,67.33076898,0,HER2-,BRCA_Basal,MUT,WT,WT,WT,WT
TCGA-A2-A0D1-01,BRCA_Her2,STAGE II,M0,N0,T2,34.55304599,0,34.55304599,0,34.55304599,0,34.55304599,0,HER2+,BRCA_Her2,MUT,MUT,WT,WT,WT
TCGA-A2-A0D2-01,BRCA_Basal,STAGE II,M0,N0,T2,33.76401355,0,33.76401355,0,33.76401355,0,33.76401355,0,HER2-,BRCA_Basal,MUT,WT,WT,WT,WT
TCGA-A2-A0D3-01,BRCA_LumA,STAGE I,M0,N0,T1,61.57740737,0,61.57740737,0,61.57740737,0,61.57740737,0,HER2-,BRCA_LumA,WT,MUT,WT,WT,WT
TCGA-A2-A0D4-01,BRCA_LumB,STAGE II,M0,N+,T2,25.21616202,0,25.21616202,0,25.21616202,0,25.21616202,0,,BRCA_LumB,WT,WT,WT,WT,WT
TCGA-A2-A0EM-01,BRCA_LumA,STAGE I,M0,N0,T1,101.7194332,0,101.7194332,0,101.7194332,0,101.7194332,0,HER2-,BRCA_LumA,WT,MUT,WT,WT,WT
TCGA-A2-A0EN-01,BRCA_LumA,STAGE II,M0,N0,T2,134.3985271,0,134.3985271,0,134.3985271,0,134.3985271,0,HER2-,BRCA_LumA,WT,MUT,WT,WT,WT
TCGA-A2-A0EO-01,BRCA_LumA,STAGE I,M0,N0,T1,80.28405168,0,80.28405168,0,0,0,80.28405168,0,HER2-,BRCA_LumA,WT,MUT,WT,WT,WT
TCGA-A2-A0EP-01,BRCA_LumA,STAGE I,M0,N0,T1,118.4534964,0,118.4534964,0,118.4534964,0,118.4534964,0,HER2-,BRCA_LumA,WT,WT,WT,WT,WT
TCGA-A2-A0EQ-01,BRCA_Her2,STAGE II,M0,N0,T2,79.75803005,0,79.75803005,0,79.75803005,0,79.75803005,0,HER2+,BRCA_Her2,MUT,MUT,WT,WT,WT
TCGA-A2-A0ER-01,BRCA_LumA,STAGE I,M0,N+,T1,74.39918467,0,74.39918467,0,74.39918467,0,74.39918467,0,HER2-,BRCA_LumA,WT,WT,WT,WT,WT
TCGA-A2-A0ES-01,BRCA_LumA,STAGE II,M0,N0,T2,71.99921097,0,71.99921097,0,71.99921097,0,71.99921097,0,HER2-,BRCA_LumA,WT,WT,WT,WT,WT
TCGA-A2-A0ET-01,BRCA_LumA,STAGE III,M0,N+,T2,35.04619128,0,35.04619128,0,35.04619128,0,35.04619128,0,HER2-,BRCA_LumA,WT,WT,WT,WT,WT
TCGA-A2-A0EU-01,BRCA_LumA,STAGE I,M0,N0,T1,34.29003518,0,34.29003518,0,34.29003518,0,34.29003518,0,HER2-,BRCA_LumA,WT,WT,WT,WT,WT
TCGA-A2-A0EV-01,BRCA_LumA,STAGE I,M0,N0,T1,31.82430878,0,31.82430878,0,31.82430878,0,31.82430878,0,HER2-,BRCA_LumA,WT,MUT,WT,WT,WT
TCGA-A2-A0EW-01,BRCA_LumA,STAGE III,M0,N+,T1,61.93904724,1,61.93904724,1,0,0,44.48170431,1,HER2-,BRCA_LumA,WT,MUT,WT,WT,WT
TCGA-A2-A0EX-01,BRCA_LumA,STAGE II,M0,N0,T3,24.72301673,0,24.72301673,0,24.72301673,0,24.72301673,0,HER2-,BRCA_LumA,WT,MUT,WT,WT,WT
TCGA-A2-A0EY-01,BRCA_LumB,STAGE II,M0,N+,T2,63.28697768,0,63.28697768,0,63.28697768,0,63.28697768,0,,BRCA_LumB,MUT,MUT,WT,WT,WT
TCGA-A2-A0ST-01,BRCA_Basal,STAGE II,M0,N+,T1,99.18795411,0,99.18795411,0,99.18795411,0,99.18795411,0,HER2-,BRCA_Basal,MUT,WT,WT,WT,WT
TCGA-A2-A0SU-01,BRCA_LumA,STAGE II,M0,N0,T2,54.64049709,0,54.64049709,0,54.64049709,0,54.64049709,0,HER2-,BRCA_LumA,WT,WT,WT,WT,MUT
TCGA-A2-A0SV-01,BRCA_LumB,STAGE IV,M1,N+,T2,27.12299043,1,27.12299043,1,0,0,27.12299043,1,,BRCA_LumB,WT,WT,WT,WT,WT
TCGA-A2-A0SW-01,BRCA_LumB,STAGE IV,M1,N+,T2,44.87622054,1,44.87622054,1,0,0,21.46825788,1,,BRCA_LumB,MUT,WT,WT,WT,WT
TCGA-A2-A0SX-01,BRCA_Basal,STAGE I,M0,N0,T1,50.43232403,0,50.43232403,0,40.73380018,1,40.73380018,1,HER2-,BRCA_Basal,MUT,WT,WT,WT,WT
TCGA-A2-A0SY-01,BRCA_LumA,STAGE III,M0,N+,T3,44.2844462,0,44.2844462,0,44.2844462,0,44.2844462,0,HER2-,BRCA_LumA,WT,MUT,WT,WT,WT
TCGA-A2-A0T0-01,BRCA_Basal,STAGE II,M0,N+,T2,17.52309564,0,17.52309564,0,17.52309564,0,17.52309564,0,HER2-,BRCA_Basal,WT,WT,WT,WT,MUT
TCGA-A2-A0T1-01,BRCA_Her2,STAGE III,M0,N+,T3,17.12857941,0,17.12857941,0,17.12857941,0,17.12857941,0,HER2+,BRCA_Her2,MUT,WT,WT,WT,WT
TCGA-A2-A0T2-01,BRCA_Basal,STAGE IV,M1,N+,T3,8.38346977,1,8.38346977,1,0,0,8.38346977,1,HER2-,BRCA_Basal,MUT,WT,WT,WT,WT
TCGA-A2-A0T3-01,BRCA_LumB,STAGE I,M0,N+,T1,49.84054969,0,49.84054969,0,49.84054969,0,49.84054969,0,,BRCA_LumB,MUT,WT,WT,WT,WT
TCGA-A2-A0T4-01,BRCA_LumA,STAGE II,M0,N0,T2,20.51484367,0,20.51484367,0,20.51484367,0,20.51484367,0,HER2-,BRCA_LumA,WT,MUT,WT,WT,WT
TCGA-A2-A0T5-01,BRCA_LumA,STAGE II,M0,N0,T2,17.45734293,0,17.45734293,0,17.45734293,0,17.45734293,0,HER2-,BRCA_LumA,WT,WT,WT,WT,WT
TCGA-A2-A0T6-01,BRCA_LumA,STAGE II,M0,N0,T3,18.90390242,0,18.90390242,0,18.90390242,0,18.90390242,0,HER2-,BRCA_LumA,WT,WT,MUT,WT,WT
TCGA-A2-A0T7-01,BRCA_LumA,STAGE II,M0,N0,T2,20.74497814,0,20.74497814,0,20.74497814,0,20.74497814,0,HER2-,BRCA_LumA,WT,MUT,WT,WT,WT
TCGA-A2-A0YC-01,BRCA_LumA,STAGE II,M0,N+,T2,32.54758852,0,32.54758852,0,0,0,24.85452214,1,HER2-,BRCA_LumA,WT,MUT,WT,WT,WT
TCGA-A2-A0YD-01,BRCA_LumA,STAGE II,M0,N0,T3,25.28191472,0,25.28191472,0,25.28191472,0,25.28191472,0,HER2-,BRCA_LumA,WT,WT,WT,WT,WT
TCGA-A2-A0YE-01,BRCA_Basal,STAGE II,M0,N+,T2,18.21349903,0,18.21349903,0,18.21349903,0,18.21349903,0,HER2-,BRCA_Basal,MUT,WT,WT,MUT,WT
TCGA-A2-A0YF-01,BRCA_LumA,STAGE I,M0,N0,T1,50.46520038,0,50.46520038,0,50.46520038,0,50.46520038,0,HER2-,BRCA_LumA,WT,WT,WT,WT,WT
TCGA-A2-A0YG-01,BRCA_LumB,STAGE III,M0,N+,T2,21.89565046,0,21.89565046,0,21.89565046,0,21.89565046,0,,BRCA_LumB,MUT,WT,WT,WT,WT
TCGA-A2-A0YH-01,BRCA_LumB,STAGE III,M0,N+,T2,21.66551599,0,21.66551599,0,21.66551599,0,21.66551599,0,,BRCA_LumB,MUT,MUT,WT,WT,WT
TCGA-A2-A0YI-01,BRCA_LumA,STAGE I,M0,N0,T1,49.47890982,0,49.47890982,0,49.47890982,0,49.47890982,0,HER2-,BRCA_LumA,WT,MUT,WT,WT,WT
TCGA-A2-A0YJ-01,BRCA_Basal,STAGE III,M0,N+,T3,18.60801526,0,18.60801526,0,18.37788079,1,18.37788079,1,HER2-,BRCA_Basal,MUT,WT,WT,WT,WT
TCGA-A2-A0YK-01,BRCA_Normal,STAGE II,M0,N0,T2,19.331295,0,19.331295,0,0,0,19.331295,0,,,WT,MUT,WT,WT,WT
TCGA-A2-A0YL-01,BRCA_LumA,STAGE III,M0,N+,T3,48.45974291,0,48.45974291,0,48.45974291,0,48.45974291,0,HER2-,BRCA_LumA,WT,MUT,WT,WT,WT
TCGA-A2-A0YM-01,BRCA_Basal,STAGE II,M0,N0,T2,31.72567972,0,31.72567972,0,31.72567972,0,31.72567972,0,HER2-,BRCA_Basal,MUT,WT,WT,WT,WT
TCGA-A2-A0YT-01,BRCA_LumB,STAGE III,M0,N+,T4,23.76960253,1,23.76960253,0,23.76960253,0,23.76960253,0,,BRCA_LumB,MUT,MUT,WT,WT,WT
TCGA-A2-A1FV-01,BRCA_LumA,STAGE II,M0,N0,T3,23.47371536,0,23.47371536,0,23.47371536,0,23.47371536,0,HER2-,BRCA_LumA,WT,WT,WT,WT,WT
TCGA-A2-A1FW-01,BRCA_LumB,STAGE III,M0,N+,T3,17.35871388,0,17.35871388,0,17.35871388,0,17.35871388,0,,BRCA_LumB,WT,WT,WT,WT,WT
TCGA-A2-A1FX-01,BRCA_LumB,STAGE III,M0,N+,T3,60.72262222,0,60.72262222,0,60.72262222,0,60.72262222,0,,BRCA_LumB,WT,WT,WT,WT,WT
TCGA-A2-A1FZ-01,BRCA_LumA,STAGE II,M0,N0,T2,22.45454844,0,22.45454844,0,22.45454844,0,22.45454844,0,HER2-,BRCA_LumA,WT,MUT,WT,WT,WT
TCGA-A2-A1G0-01,BRCA_LumA,STAGE II,M0,N+,T2,20.25183286,0,20.25183286,0,20.25183286,0,20.25183286,0,HER2-,BRCA_LumA,WT,MUT,WT,WT,WT
TCGA-A2-A1G1-01,BRCA_Basal,STAGE II,M0,N+,T2,19.19978959,0,19.19978959,0,19.19978959,0,19.19978959,0,HER2-,BRCA_Basal,MUT,WT,WT,WT,WT
TCGA-A2-A1G4-01,BRCA_LumB,STAGE III,M0,N+,T3,19.56142946,0,19.56142946,0,19.56142946,0,19.56142946,0,,BRCA_LumB,WT,WT,WT,WT,WT
TCGA-A2-A1G6-01,BRCA_Normal,STAGE III,M0,N+,T2,16.47105237,0,16.47105237,0,16.47105237,0,16.47105237,0,,,WT,WT,WT,WT,WT
TCGA-A2-A259-01,BRCA_LumA,STAGE I,M0,N0,T1,52.47065786,0,52.47065786,0,0,0,52.47065786,0,HER2-,BRCA_LumA,WT,WT,WT,WT,WT
TCGA-A2-A25A-01,BRCA_Normal,STAGE II,M0,N0,T2,107.7029293,0,107.7029293,0,107.7029293,0,107.7029293,0,,,WT,MUT,WT,WT,WT
TCGA-A2-A25B-01,BRCA_LumB,STAGE II,M0,N+,T2,42.44337048,0,42.44337048,0,0,0,42.41049413,1,,BRCA_LumB,WT,WT,WT,WT,MUT
TCGA-A2-A25C-01,BRCA_LumB,STAGE II,M0,N+,T2,17.19433212,0,17.19433212,0,17.19433212,0,17.19433212,0,,BRCA_LumB,WT,MUT,WT,WT,WT
TCGA-A2-A25D-01,BRCA_LumA,STAGE III,M0,N+,T2,18.14774633,0,18.14774633,0,0,0,18.14774633,0,HER2-,BRCA_LumA,WT,MUT,WT,WT,WT
TCGA-A2-A25E-01,BRCA_LumB,STAGE III,M0,N+,T2,105.3358319,0,105.3358319,0,98.26741625,1,98.26741625,1,,BRCA_LumB,WT,WT,WT,WT,WT
TCGA-A2-A25F-01,BRCA_Basal,STAGE II,M0,N0,T2,10.58618536,0,10.58618536,0,10.58618536,0,10.58618536,0,HER2-,BRCA_Basal,WT,WT,WT,WT,WT
TCGA-A2-A3KC-01,NA,STAGE II,M0,N+,T2,36.22973995,0,36.22973995,0,36.22973995,0,36.22973995,0,,,WT,WT,WT,WT,WT
TCGA-A2-A3KD-01,BRCA_LumA,STAGE III,M0,N+,T3,39.64888056,0,39.64888056,0,0,0,39.64888056,0,HER2-,BRCA_LumA,WT,WT,WT,WT,WT
TCGA-A2-A3XS-01,NA,STAGE III,M0,N+,T1,33.92839531,1,33.92839531,1,22.42167209,1,22.42167209,1,,,WT,WT,WT,WT,WT
TCGA-A2-A3XT-01,BRCA_Basal,STAGE II,M0,N+,T2,91.06749515,0,91.06749515,0,91.06749515,0,91.06749515,0,HER2-,BRCA_Basal,MUT,WT,WT,WT,WT
TCGA-A2-A3XU-01,BRCA_Basal,STAGE II,M0,N+,T2,29.98323306,1,29.98323306,1,18.87102607,1,18.87102607,1,HER2-,BRCA_Basal,WT,WT,WT,WT,WT
TCGA-A2-A3XV-01,BRCA_Her2,STAGE II,M0,N0,T2,32.74484663,0,32.74484663,0,32.74484663,0,32.74484663,0,HER2+,BRCA_Her2,MUT,WT,MUT,WT,WT
TCGA-A2-A3XW-01,BRCA_Normal,STAGE II,M0,N+,T2,56.28431469,0,56.28431469,0,56.28431469,0,56.28431469,0,,,WT,WT,WT,WT,WT
TCGA-A2-A3XX-01,BRCA_Basal,STAGE II,M0,N0,T2,47.30907059,1,47.30907059,0,47.30907059,0,47.30907059,0,HER2-,BRCA_Basal,MUT,WT,WT,WT,WT
TCGA-A2-A3XY-01,NA,STAGE II,M0,N+,T2,35.93385278,1,35.93385278,1,26.36683434,1,26.36683434,1,,,WT,WT,WT,WT,WT
TCGA-A2-A3XZ-01,BRCA_Her2,STAGE I,M0,N0,T1,50.36657133,0,50.36657133,0,50.36657133,0,50.36657133,0,HER2+,BRCA_Her2,WT,WT,WT,WT,WT
TCGA-A2-A3Y0-01,BRCA_Basal,STAGE II,M0,N+,T2,50.82684025,0,50.82684025,0,0,0,50.82684025,0,HER2-,BRCA_Basal,MUT,WT,WT,WT,WT
TCGA-A2-A4RW-01,NA,STAGE III,M0,N+,T2,7.298550153,0,7.298550153,0,7.298550153,0,7.298550153,0,,,WT,WT,WT,WT,WT
TCGA-A2-A4RX-01,NA,STAGE II,M0,N0,T2,24.39425321,0,24.39425321,0,24.39425321,0,24.39425321,0,,,#N/A,#N/A,#N/A,#N/A,#N/A
TCGA-A2-A4RY-01,NA,STAGE III,M0,N+,T3,21.30387612,0,21.30387612,0,21.30387612,0,21.30387612,0,,,WT,WT,WT,WT,WT
TCGA-A2-A4S0-01,NA,STAGE II,M0,N0,T2,23.21070454,0,23.21070454,0,23.21070454,0,23.21070454,0,,,#N/A,#N/A,#N/A,#N/A,#N/A
TCGA-A2-A4S1-01,BRCA_Basal,STAGE II,M0,N0,T2,26.95860867,0,26.95860867,0,26.95860867,0,26.95860867,0,HER2-,BRCA_Basal,MUT,WT,WT,WT,WT
TCGA-A2-A4S2-01,BRCA_LumA,STAGE III,M0,N+,T3,21.13949436,0,21.13949436,0,21.13949436,0,21.13949436,0,HER2-,BRCA_LumA,WT,MUT,WT,WT,WT
TCGA-A2-A4S3-01,BRCA_LumB,STAGE II,M0,N+,T2,21.89565046,0,21.89565046,0,21.89565046,0,21.89565046,0,,BRCA_LumB,MUT,WT,WT,WT,WT
TCGA-A7-A0CD-01,BRCA_LumA,STAGE I,M0,N0,T1,38.30095013,0,38.30095013,0,38.30095013,0,38.30095013,0,HER2-,BRCA_LumA,WT,WT,WT,WT,WT
TCGA-A7-A0CE-01,BRCA_Basal,STAGE II,M0,N0,T2,35.30920209,0,35.30920209,0,35.30920209,0,35.30920209,0,HER2-,BRCA_Basal,MUT,WT,WT,WT,WT
TCGA-A7-A0CG-01,BRCA_LumA,STAGE II,M0,N0,T2,34.29003518,0,34.29003518,0,0,0,34.29003518,0,HER2-,BRCA_LumA,WT,MUT,WT,WT,WT
TCGA-A7-A0CH-01,BRCA_LumA,STAGE II,M0,N0,T2,35.47358385,0,35.47358385,0,35.47358385,0,35.47358385,0,HER2-,BRCA_LumA,WT,MUT,WT,WT,WT
TCGA-A7-A0CJ-01,BRCA_LumB,STAGE II,M0,N0,T2,30.60788375,0,30.60788375,0,0,0,30.60788375,0,,BRCA_LumB,MUT,MUT,WT,WT,WT
TCGA-A7-A0D9-01,BRCA_LumA,STAGE II,M0,N0,T2,37.44616497,0,37.44616497,0,37.44616497,0,37.44616497,0,HER2-,BRCA_LumA,WT,MUT,WT,WT,WT
TCGA-A7-A0DA-01,BRCA_Basal,STAGE II,M0,N0,T2,35.67084196,0,35.67084196,0,35.67084196,0,35.67084196,0,HER2-,BRCA_Basal,MUT,WT,WT,WT,WT
TCGA-A7-A0DB-01,BRCA_LumA,STAGE II,M0,N0,T2,33.1064865,0,33.1064865,0,0,0,33.1064865,0,HER2-,BRCA_LumA,WT,MUT,WT,WT,WT
TCGA-A7-A0DC-01,NA,STAGE I,M0,N0,T1,29.78597495,0,29.78597495,0,29.78597495,0,29.78597495,0,,,WT,WT,WT,WT,WT
TCGA-A7-A13D-01,BRCA_Basal,STAGE II,M0,N0,T2,31.72567972,0,31.72567972,0,31.72567972,0,31.72567972,0,HER2-,BRCA_Basal,MUT,WT,WT,WT,WT
TCGA-A7-A13E-01,BRCA_Basal,STAGE II,MX,N+,T2,20.18608015,1,20.18608015,1,18.27925173,1,18.27925173,1,HER2-,BRCA_Basal,MUT,WT,WT,WT,WT
TCGA-A7-A13F-01,BRCA_LumB,STAGE III,M0,N+,T3,25.15040931,0,25.15040931,0,25.15040931,0,25.15040931,0,,BRCA_LumB,WT,WT,WT,WT,WT
TCGA-A7-A13G-01,BRCA_LumA,STAGE II,MX,N0,T2,23.60522077,0,23.60522077,0,23.60522077,0,19.2655423,1,HER2-,BRCA_LumA,WT,MUT,WT,WT,WT
TCGA-A7-A13H-01,NA,STAGE II,MX,N+,T2,29.55584048,0,29.55584048,0,29.55584048,0,26.13669987,1,,,#N/A,#N/A,#N/A,#N/A,#N/A
TCGA-A7-A26E-01,BRCA_LumA,STAGE III,MX,N+,T3,31.36403985,0,31.36403985,0,31.36403985,0,31.36403985,0,HER2-,BRCA_LumA,WT,MUT,WT,WT,WT
TCGA-A7-A26F-01,BRCA_Basal,STAGE I,M0,N0,T1,24.26274781,0,24.26274781,0,24.26274781,0,24.26274781,0,HER2-,BRCA_Basal,MUT,WT,WT,WT,WT
TCGA-A7-A26G-01,BRCA_Basal,STAGE II,M0,N0,T2,23.73672617,0,23.73672617,0,23.73672617,0,23.73672617,0,HER2-,BRCA_Basal,MUT,WT,WT,WT,WT
TCGA-A7-A26H-01,BRCA_LumA,STAGE II,M0,N+,T1,23.80247888,0,23.80247888,0,9.567018444,1,9.567018444,1,HER2-,BRCA_LumA,WT,MUT,WT,WT,MUT
TCGA-A7-A26I-01,BRCA_Basal,STAGE II,M0,N0,T2,21.7312687,0,21.7312687,0,21.7312687,0,21.7312687,0,HER2-,BRCA_Basal,MUT,WT,WT,WT,WT
TCGA-A7-A26J-01,BRCA_LumA,STAGE II,M0,N0,T2,20.61347273,0,20.61347273,0,20.61347273,0,20.61347273,0,HER2-,BRCA_LumA,WT,WT,WT,WT,WT
TCGA-A7-A2KD-01,BRCA_LumB,STAGE III,MX,N+,T2,22.32304304,0,22.32304304,0,22.32304304,0,22.32304304,0,,BRCA_LumB,MUT,WT,WT,WT,WT
TCGA-A7-A3IY-01,NA,STAGE I,M0,N0,T1,11.34234145,0,11.34234145,0,11.34234145,0,11.34234145,0,,,#N/A,#N/A,#N/A,#N/A,#N/A
TCGA-A7-A3IZ-01,NA,STAGE II,M0,N0,T2,10.58618536,0,10.58618536,0,10.58618536,0,10.58618536,0,,,WT,WT,WT,WT,WT
TCGA-A7-A3J0-01,NA,STAGE II,M0,N0,T2,10.29029819,0,10.29029819,0,10.29029819,0,10.29029819,0,,,WT,WT,WT,WT,WT
TCGA-A7-A3J1-01,NA,STAGE I,MX,N0,T1,11.27658875,0,11.27658875,0,11.27658875,0,11.27658875,0,,,WT,WT,WT,WT,WT
TCGA-A7-A3RF-01,BRCA_LumA,STAGE II,M0,N0,T2,13.41355163,0,13.41355163,0,5.720485255,1,5.720485255,1,HER2-,BRCA_LumA,WT,WT,WT,MUT,WT
TCGA-A7-A425-01,BRCA_LumA,STAGE III,MX,N+,T3,14.69572936,0,14.69572936,0,13.77519151,1,13.77519151,1,HER2-,BRCA_LumA,WT,WT,WT,WT,WT
TCGA-A7-A426-01,NA,STAGE III,MX,N+,T3,11.96699214,0,11.96699214,0,11.96699214,0,11.96699214,0,,,WT,WT,WT,WT,WT
TCGA-A7-A4SA-01,NA,STAGE II,M0,N+,T2,14.92586383,0,14.92586383,0,14.92586383,0,14.92586383,0,,,WT,WT,WT,WT,WT
TCGA-A7-A4SB-01,NA,STAGE III,M0,N+,T3,13.74231515,0,13.74231515,0,13.74231515,0,13.74231515,0,,,WT,WT,WT,WT,WT
TCGA-A7-A4SC-01,NA,STAGE II,MX,N0,T3,14.66285301,0,14.66285301,0,14.66285301,0,14.66285301,0,,,WT,WT,WT,WT,WT
TCGA-A7-A4SD-01,BRCA_Basal,STAGE II,M0,N0,T2,14.49847125,0,14.49847125,0,14.49847125,0,14.49847125,0,HER2-,BRCA_Basal,MUT,WT,WT,WT,WT
TCGA-A7-A4SE-01,BRCA_Basal,STAGE II,M0,N0,T2,21.17237071,0,21.17237071,0,21.17237071,0,21.17237071,0,HER2-,BRCA_Basal,MUT,WT,WT,WT,WT
TCGA-A7-A4SF-01,NA,STAGE II,M0,N0,T2,17.91761186,0,17.91761186,0,0,0,17.91761186,0,,,WT,WT,WT,WT,WT
TCGA-A7-A56D-01,BRCA_LumA,STAGE II,M0,N0,T2,14.72860571,0,14.72860571,0,14.72860571,0,14.72860571,0,HER2-,BRCA_LumA,MUT,WT,WT,WT,WT
TCGA-A7-A5ZV-01,BRCA_Basal,STAGE II,M0,N0,T2,12.09849755,0,12.09849755,0,12.09849755,0,12.09849755,0,HER2-,BRCA_Basal,MUT,WT,WT,WT,WT
TCGA-A7-A5ZW-01,BRCA_LumA,STAGE II,M0,N+,T1,10.71769077,0,10.71769077,0,10.71769077,0,10.71769077,0,HER2-,BRCA_LumA,WT,MUT,WT,WT,WT
TCGA-A7-A5ZX-01,BRCA_LumA,STAGE III,M0,N+,T2,11.04645429,0,11.04645429,0,0,0,11.04645429,0,HER2-,BRCA_LumA,WT,MUT,WT,WT,WT
TCGA-A7-A6VV-01,BRCA_Basal,STAGE II,M0,N0,T2,10.29029819,0,10.29029819,0,10.29029819,0,10.29029819,0,HER2-,BRCA_Basal,MUT,WT,WT,WT,WT
TCGA-A7-A6VW-01,BRCA_Basal,STAGE II,M0,N0,T2,9.369760331,0,9.369760331,0,0,0,9.369760331,0,HER2-,BRCA_Basal,MUT,WT,WT,WT,MUT
TCGA-A7-A6VX-01,BRCA_LumB,STAGE II,M0,N0,T2,10.4218036,0,10.4218036,0,10.4218036,0,10.4218036,0,,BRCA_LumB,MUT,MUT,WT,WT,WT
TCGA-A7-A6VY-01,BRCA_Basal,STAGE II,M0,N+,T2,8.745109643,0,8.745109643,0,8.745109643,0,8.745109643,0,HER2-,BRCA_Basal,MUT,WT,WT,WT,WT
TCGA-A8-A06N-01,BRCA_LumB,STAGE III,M0,N0,T4,0,0,0,0,0,0,0,0,,BRCA_LumB,WT,WT,WT,WT,WT
TCGA-A8-A06O-01,BRCA_LumB,STAGE I,M0,N0,T1,13.01903541,0,13.01903541,0,13.01903541,0,13.01903541,0,,BRCA_LumB,MUT,WT,WT,WT,WT
TCGA-A8-A06P-01,BRCA_LumA,STAGE III,M0,N+,T1,13.01903541,0,13.01903541,0,13.01903541,0,13.01903541,0,HER2-,BRCA_LumA,WT,MUT,WT,WT,WT
TCGA-A8-A06Q-01,BRCA_LumB,STAGE III,M0,N+,T3,1.019166913,0,1.019166913,0,1.019166913,0,1.019166913,0,,BRCA_LumB,MUT,MUT,WT,WT,WT
TCGA-A8-A06R-01,BRCA_LumB,STAGE II,M0,N+,T2,17.98336457,0,17.98336457,0,17.98336457,0,17.98336457,0,,BRCA_LumB,WT,MUT,WT,WT,WT
TCGA-A8-A06T-01,BRCA_LumA,STAGE III,M0,N+,T3,53.06243219,0,53.06243219,0,53.06243219,0,53.06243219,0,HER2-,BRCA_LumA,WT,WT,WT,WT,WT
TCGA-A8-A06U-01,BRCA_LumA,STAGE II,M0,N+,T2,29.02981885,1,29.02981885,0,29.02981885,0,29.02981885,0,HER2-,BRCA_LumA,MUT,MUT,WT,WT,WT
TCGA-A8-A06X-01,BRCA_LumB,STAGE II,M0,N0,T3,31.00239997,1,31.00239997,0,31.00239997,0,31.00239997,0,,BRCA_LumB,WT,WT,WT,WT,MUT
TCGA-A8-A06Y-01,BRCA_LumA,STAGE II,M0,N0,T2,26.00519446,0,26.00519446,0,26.00519446,1,26.00519446,1,HER2-,BRCA_LumA,WT,WT,WT,WT,WT
TCGA-A8-A06Z-01,BRCA_LumB,STAGE II,M0,N0,T3,1.019166913,0,1.019166913,0,0,0,1.019166913,0,,BRCA_LumB,MUT,WT,MUT,WT,WT
TCGA-A8-A075-01,BRCA_LumB,STAGE II,M0,N+,T2,17.02995036,0,17.02995036,0,17.02995036,0,17.02995036,0,,BRCA_LumB,MUT,MUT,WT,WT,WT
TCGA-A8-A076-01,BRCA_LumB,STAGE II,M0,N0,T2,53.98297005,0,53.98297005,0,53.98297005,0,53.98297005,0,,BRCA_LumB,WT,WT,WT,WT,WT
TCGA-A8-A079-01,BRCA_LumB,STAGE III,M0,N+,T4,9.008120459,0,9.008120459,0,9.008120459,0,9.008120459,0,,BRCA_LumB,MUT,WT,WT,WT,WT
TCGA-A8-A07B-01,BRCA_LumA,STAGE II,M0,N0,T2,43.00226847,0,43.00226847,0,43.00226847,0,43.00226847,0,HER2-,BRCA_LumA,MUT,MUT,WT,WT,WT
TCGA-A8-A07C-01,NA,STAGE II,M0,N0,T2,33.99414801,0,33.99414801,0,33.99414801,0,33.99414801,0,,,MUT,WT,WT,WT,WT
TCGA-A8-A07E-01,BRCA_LumA,STAGE X,MX,N+,T4,19.98882204,0,19.98882204,0,19.98882204,0,19.98882204,0,HER2-,BRCA_LumA,WT,MUT,WT,WT,WT
TCGA-A8-A07F-01,BRCA_LumA,STAGE II,M0,N+,T2,18.96965513,0,18.96965513,0,18.96965513,0,18.96965513,0,HER2-,BRCA_LumA,WT,WT,WT,WT,WT
TCGA-A8-A07G-01,BRCA_LumA,STAGE II,M0,N+,T1,18.96965513,0,18.96965513,0,18.96965513,0,18.96965513,0,HER2-,BRCA_LumA,WT,MUT,WT,WT,WT
TCGA-A8-A07I-01,BRCA_Her2,STAGE III,M0,N+,T2,14.00532597,0,14.00532597,0,14.00532597,0,14.00532597,0,HER2+,BRCA_Her2,WT,WT,WT,WT,MUT
TCGA-A8-A07J-01,BRCA_LumA,STAGE II,M0,N+,T2,11.9998685,0,11.9998685,0,11.9998685,0,11.9998685,0,HER2-,BRCA_LumA,WT,MUT,WT,WT,WT
TCGA-A8-A07L-01,BRCA_LumB,STAGE III,M0,N+,T3,32.05444324,0,32.05444324,0,32.05444324,0,32.05444324,0,,BRCA_LumB,WT,WT,WT,WT,WT
TCGA-A8-A07O-01,BRCA_Basal,STAGE II,M0,N0,T2,9.99441102,0,9.99441102,0,9.99441102,0,9.99441102,0,HER2-,BRCA_Basal,MUT,WT,WT,WT,WT
TCGA-A8-A07P-01,BRCA_LumA,STAGE II,M0,N+,T2,10.98070158,0,10.98070158,0,10.98070158,0,10.98070158,0,HER2-,BRCA_LumA,WT,WT,WT,WT,WT
TCGA-A8-A07R-01,NA,STAGE III,M0,N+,T2,8.975244107,0,8.975244107,0,0,0,8.975244107,0,,,WT,WT,WT,WT,WT
TCGA-A8-A07S-01,NA,STAGE II,M0,N0,T2,7.988953546,0,7.988953546,0,0,0,7.988953546,0,,,#N/A,#N/A,#N/A,#N/A,#N/A
TCGA-A8-A07U-01,BRCA_Basal,STAGE III,M0,N+,T2,24.98602755,0,24.98602755,0,24.98602755,0,24.98602755,0,HER2-,BRCA_Basal,MUT,WT,WT,WT,WT
TCGA-A8-A07W-01,BRCA_LumB,STAGE IV,M1,NX,T2,9.99441102,0,9.99441102,0,0,0,9.99441102,0,,BRCA_LumB,MUT,WT,WT,WT,WT
TCGA-A8-A07Z-01,BRCA_LumA,STAGE II,M0,N0,T2,45.07347865,0,45.07347865,0,45.07347865,0,45.07347865,0,HER2-,BRCA_LumA,WT,MUT,WT,WT,WT
TCGA-A8-A081-01,BRCA_LumB,STAGE II,M0,N0,T2,0,0,0,0,0,0,0,0,,BRCA_LumB,MUT,MUT,WT,WT,WT
TCGA-A8-A082-01,BRCA_LumB,STAGE II,M0,N+,T2,18.04911727,0,18.04911727,0,18.04911727,0,18.04911727,0,,BRCA_LumB,WT,WT,WT,WT,WT
TCGA-A8-A083-01,BRCA_LumA,STAGE II,M0,N0,T3,0,0,0,0,0,0,0,0,HER2-,BRCA_LumA,WT,WT,WT,WT,WT
TCGA-A8-A085-01,NA,STAGE II,M0,N+,T2,36.95301969,0,36.95301969,0,36.95301969,0,36.95301969,0,,,WT,WT,WT,WT,MUT
TCGA-A8-A086-01,BRCA_LumA,STAGE II,M0,N+,T1,13.01903541,0,13.01903541,0,13.01903541,0,13.01903541,0,HER2-,BRCA_LumA,WT,WT,WT,WT,WT
TCGA-A8-A08A-01,BRCA_LumA,STAGE I,M0,N0,T1,0.986290561,0,0.986290561,0,0.986290561,0,0.986290561,0,HER2-,BRCA_LumA,WT,WT,WT,WT,WT
TCGA-A8-A08B-01,BRCA_Her2,STAGE II,M0,N0,T2,38.00506296,0,38.00506296,0,38.00506296,0,38.00506296,0,HER2+,BRCA_Her2,WT,MUT,WT,WT,MUT
TCGA-A8-A08C-01,NA,STAGE II,M0,N0,T2,28.96406615,0,28.96406615,0,28.96406615,0,28.96406615,0,,,#N/A,#N/A,#N/A,#N/A,#N/A
TCGA-A8-A08G-01,BRCA_LumB,STAGE II,M0,N0,T2,19.95594569,0,19.95594569,0,19.95594569,0,19.95594569,0,,BRCA_LumB,WT,WT,WT,WT,WT
TCGA-A8-A08H-01,BRCA_Normal,STAGE II,M0,N0,T2,0,0,0,0,0,0,0,0,,,WT,WT,WT,WT,WT
TCGA-A8-A08I-01,BRCA_LumB,STAGE II,M0,N0,T2,11.9998685,0,11.9998685,0,11.9998685,0,11.9998685,0,,BRCA_LumB,MUT,WT,WT,WT,WT
TCGA-A8-A08J-01,BRCA_Her2,STAGE IV,M1,N+,T4,37.05164875,1,37.05164875,1,0,0,37.05164875,1,HER2+,BRCA_Her2,WT,WT,WT,WT,WT
TCGA-A8-A08L-01,BRCA_Her2,STAGE III,M0,N+,T3,9.99441102,1,9.99441102,0,9.99441102,0,9.99441102,0,HER2+,BRCA_Her2,WT,MUT,WT,WT,MUT
TCGA-A8-A08O-01,BRCA_LumA,STAGE IV,M1,N+,T2,31.00239997,0,31.00239997,0,0,0,25.05178025,1,HER2-,BRCA_LumA,WT,MUT,WT,WT,WT
TCGA-A8-A08P-01,BRCA_LumB,STAGE III,M0,N+,T2,31.00239997,0,31.00239997,0,31.00239997,0,31.00239997,0,,BRCA_LumB,MUT,MUT,WT,WT,WT
TCGA-A8-A08R-01,BRCA_Basal,STAGE II,M0,N+,T2,0.986290561,0,0.986290561,0,0.986290561,0,0.986290561,0,HER2-,BRCA_Basal,MUT,MUT,WT,WT,WT
TCGA-A8-A08T-01,BRCA_LumA,STAGE IV,M1,N+,T2,112.0754841,1,112.0754841,1,0,0,84.06483217,1,HER2-,BRCA_LumA,WT,MUT,WT,WT,WT
TCGA-A8-A08X-01,BRCA_Her2,STAGE III,M0,N+,T4,43.00226847,0,43.00226847,0,12.03274485,1,12.03274485,1,HER2+,BRCA_Her2,MUT,WT,WT,WT,WT
TCGA-A8-A08Z-01,BRCA_LumA,STAGE III,M0,N+,T4,40.01052043,0,40.01052043,0,40.01052043,0,40.01052043,0,HER2-,BRCA_LumA,WT,MUT,MUT,WT,WT
TCGA-A8-A090-01,BRCA_LumA,STAGE II,M0,N0,T2,0,0,0,0,0,0,0,0,HER2-,BRCA_LumA,WT,WT,WT,WT,WT
TCGA-A8-A091-01,BRCA_LumA,STAGE II,M0,N0,T2,33.00785745,0,33.00785745,0,7.988953546,1,7.988953546,1,HER2-,BRCA_LumA,WT,WT,WT,WT,WT
TCGA-A8-A092-01,BRCA_LumB,STAGE III,M0,N+,T2,30.96952362,0,30.96952362,0,30.96952362,0,30.96952362,0,,BRCA_LumB,MUT,MUT,WT,WT,WT
TCGA-A8-A093-01,BRCA_LumA,STAGE II,M0,N0,T2,17.95048821,0,17.95048821,0,17.95048821,0,17.95048821,0,HER2-,BRCA_LumA,WT,MUT,WT,WT,WT
TCGA-A8-A094-01,BRCA_Her2,STAGE II,M0,N0,T2,0,0,0,0,0,0,0,0,HER2+,BRCA_Her2,MUT,WT,WT,WT,WT
TCGA-A8-A095-01,BRCA_LumB,STAGE I,M0,N0,T1,41.98310156,0,41.98310156,0,41.98310156,0,41.98310156,0,,BRCA_LumB,WT,MUT,WT,MUT,WT
TCGA-A8-A096-01,BRCA_LumB,STAGE II,M0,N0,T2,0,0,0,0,0,0,0,0,,BRCA_LumB,WT,MUT,WT,WT,WT
TCGA-A8-A097-01,BRCA_LumA,STAGE II,M0,N+,T2,11.9998685,0,11.9998685,0,11.9998685,0,11.9998685,0,HER2-,BRCA_LumA,MUT,WT,WT,WT,WT
TCGA-A8-A099-01,BRCA_LumA,STAGE X,MX,N+,T4,9.99441102,0,9.99441102,0,0,0,9.99441102,0,HER2-,BRCA_LumA,WT,WT,WT,WT,WT
TCGA-A8-A09A-01,BRCA_LumA,STAGE X,M0,NX,T2,9.99441102,0,9.99441102,0,0,0,9.99441102,0,HER2-,BRCA_LumA,WT,WT,WT,WT,WT
TCGA-A8-A09B-01,BRCA_LumA,STAGE III,M0,N+,T4,11.9998685,0,11.9998685,0,11.9998685,0,11.9998685,0,HER2-,BRCA_LumA,WT,MUT,WT,WT,WT
TCGA-A8-A09C-01,BRCA_LumB,STAGE X,MX,N0,T2,1.019166913,0,1.019166913,0,0,0,1.019166913,0,,BRCA_LumB,WT,MUT,WT,WT,WT
TCGA-A8-A09D-01,BRCA_LumA,STAGE II,M0,N+,T2,50.03780781,0,50.03780781,0,50.03780781,0,50.03780781,0,HER2-,BRCA_LumA,WT,MUT,WT,WT,WT
TCGA-A8-A09G-01,BRCA_Her2,STAGE III,M0,N+,T3,0,0,0,0,0,0,0,0,HER2+,BRCA_Her2,WT,WT,WT,WT,WT
TCGA-A8-A09I-01,BRCA_LumB,STAGE II,M0,N0,T2,45.07347865,0,45.07347865,0,45.07347865,0,45.07347865,0,,BRCA_LumB,WT,WT,WT,WT,WT
TCGA-A8-A09M-01,BRCA_LumB,STAGE III,M0,N+,T2,33.07361015,0,33.07361015,0,33.07361015,0,33.07361015,0,,BRCA_LumB,WT,WT,WT,WT,WT
TCGA-A8-A09N-01,BRCA_LumB,STAGE III,M0,N+,T2,1.019166913,0,1.019166913,0,1.019166913,0,1.019166913,0,,BRCA_LumB,MUT,WT,WT,WT,WT
TCGA-A8-A09Q-01,BRCA_LumB,STAGE III,M0,N+,T4,25.0189039,0,25.0189039,0,0,0,25.0189039,0,,BRCA_LumB,MUT,WT,WT,WT,WT
TCGA-A8-A09R-01,BRCA_LumB,STAGE II,M0,N+,T2,8.975244107,0,8.975244107,0,8.975244107,0,8.975244107,0,,BRCA_LumB,WT,WT,WT,WT,WT
TCGA-A8-A09T-01,BRCA_LumA,STAGE X,MX,N0,T1,19.03540783,0,19.03540783,0,19.03540783,0,19.03540783,0,HER2-,BRCA_LumA,WT,WT,WT,WT,WT
TCGA-A8-A09V-01,BRCA_LumA,STAGE II,M0,N0,T2,15.02449288,0,15.02449288,0,15.02449288,0,15.02449288,0,HER2-,BRCA_LumA,WT,WT,WT,WT,WT
TCGA-A8-A09W-01,BRCA_LumB,STAGE III,M0,N+,T2,0.986290561,0,0.986290561,0,0,0,0.986290561,0,,BRCA_LumB,WT,WT,WT,MUT,WT
TCGA-A8-A09X-01,BRCA_Her2,STAGE III,M0,N+,T2,14.00532597,1,14.00532597,0,0,0,14.00532597,0,HER2+,BRCA_Her2,MUT,WT,WT,WT,WT
TCGA-A8-A09Z-01,BRCA_LumB,STAGE II,M0,N0,T3,0,0,0,0,0,0,0,0,,BRCA_LumB,WT,WT,WT,WT,WT
TCGA-A8-A0A1-01,BRCA_LumA,STAGE II,M0,N0,T2,11.9998685,0,11.9998685,0,11.9998685,0,11.9998685,0,HER2-,BRCA_LumA,WT,MUT,WT,WT,WT
TCGA-A8-A0A2-01,BRCA_LumA,STAGE II,M0,N0,T2,19.03540783,0,19.03540783,0,19.03540783,0,19.03540783,0,HER2-,BRCA_LumA,WT,WT,WT,WT,WT
TCGA-A8-A0A4-01,BRCA_LumA,STAGE II,M0,N0,T2,13.01903541,0,13.01903541,0,13.01903541,0,13.01903541,0,HER2-,BRCA_LumA,WT,WT,WT,WT,WT
TCGA-A8-A0A6-01,BRCA_LumA,STAGE III,M0,N+,T2,21.04086531,0,21.04086531,0,21.04086531,0,21.04086531,0,HER2-,BRCA_LumA,WT,MUT,MUT,WT,WT
TCGA-A8-A0A7-01,BRCA_Her2,STAGE II,M0,N+,T2,0.986290561,0,0.986290561,0,0.986290561,0,0.986290561,0,HER2+,BRCA_Her2,WT,MUT,WT,WT,MUT
TCGA-A8-A0A9-01,BRCA_LumA,STAGE II,M0,N0,T2,27.02436138,0,27.02436138,0,27.02436138,0,27.02436138,0,HER2-,BRCA_LumA,WT,MUT,WT,WT,WT
TCGA-A8-A0AB-01,BRCA_LumA,STAGE II,M0,N0,T2,17.02995036,0,17.02995036,0,17.02995036,0,17.02995036,0,HER2-,BRCA_LumA,WT,WT,MUT,WT,WT
TCGA-A8-A0AD-01,BRCA_LumA,STAGE I,M0,N0,T1,38.03793931,0,38.03793931,0,38.03793931,0,38.03793931,0,HER2-,BRCA_LumA,WT,WT,WT,WT,WT
TCGA-AC-A23C-01,BRCA_LumA,STAGE II,MX,N+,T2,19.23266594,0,19.23266594,0,19.23266594,0,19.23266594,0,HER2-,BRCA_LumA,MUT,MUT,WT,WT,WT
TCGA-AC-A23E-01,BRCA_LumA,STAGE II,MX,N+,T2,22.94769372,0,22.94769372,0,22.94769372,0,22.94769372,0,HER2-,BRCA_LumA,WT,MUT,WT,WT,WT
TCGA-AC-A23G-01,NA,STAGE II,MX,N+,T1,73.90603939,0,73.90603939,0,73.90603939,0,73.90603939,0,,,#N/A,#N/A,#N/A,#N/A,#N/A
TCGA-AC-A23H-01,BRCA_Her2,STAGE II,M0,NX,T2,5.720485255,1,5.720485255,1,0,0,5.720485255,1,HER2+,BRCA_Her2,WT,MUT,WT,WT,MUT
TCGA-AC-A2B8-01,BRCA_LumA,STAGE II,M0,N0,T3,22.25729033,0,22.25729033,0,22.25729033,0,21.50113423,1,HER2-,BRCA_LumA,WT,MUT,WT,WT,WT
TCGA-AC-A2BK-01,BRCA_Basal,STAGE III,MX,N+,T2,73.05125423,0,73.05125423,0,73.05125423,0,73.05125423,0,HER2-,BRCA_Basal,MUT,WT,WT,WT,WT
TCGA-AC-A2BM-01,BRCA_LumB,STAGE II,MX,N+,T2,99.35233587,0,99.35233587,0,99.35233587,0,99.35233587,0,,BRCA_LumB,WT,WT,WT,WT,WT
TCGA-AC-A2FB-01,BRCA_LumA,STAGE II,MX,N0,T2,40.56941842,0,40.56941842,0,40.56941842,0,40.56941842,0,HER2-,BRCA_LumA,WT,WT,WT,WT,WT
TCGA-AC-A2FE-01,NA,STAGE III,MX,N+,T3,86.66206398,1,86.66206398,1,25.18328566,1,25.18328566,1,,,WT,WT,WT,WT,WT
TCGA-AC-A2FF-01,BRCA_LumA,STAGE II,MX,N+,T2,90.70585528,0,90.70585528,0,90.70585528,0,90.70585528,0,HER2-,BRCA_LumA,WT,MUT,WT,WT,WT
TCGA-AC-A2FG-01,BRCA_LumA,STAGE II,MX,N+,T2,60.91988033,0,60.91988033,0,60.91988033,0,60.91988033,0,HER2-,BRCA_LumA,WT,WT,WT,WT,WT
TCGA-AC-A2FK-01,BRCA_Normal,STAGE III,M0,N+,T2,87.12233291,0,87.12233291,0,87.12233291,0,87.12233291,0,,,WT,WT,WT,WT,WT
TCGA-AC-A2FM-01,NA,STAGE II,M0,N+,T2,26.03807082,1,26.03807082,1,25.64355459,1,25.64355459,1,,,WT,WT,WT,WT,WT
TCGA-AC-A2FO-01,BRCA_LumA,STAGE II,MX,N+,T2,74.13617385,0,74.13617385,0,74.13617385,0,74.13617385,0,HER2-,BRCA_LumA,WT,MUT,WT,WT,WT
TCGA-AC-A2QH-01,BRCA_Basal,STAGE II,MX,N0,T3,33.0407338,0,33.0407338,0,33.0407338,0,33.0407338,0,HER2-,BRCA_Basal,MUT,WT,WT,WT,WT
TCGA-AC-A2QI-01,NA,STAGE III,MX,N+,T3,19.331295,0,19.331295,0,19.331295,0,19.331295,0,,,#N/A,#N/A,#N/A,#N/A,#N/A
TCGA-AC-A2QJ-01,NA,STAGE III,M0,N0,T4,14.66285301,1,14.66285301,1,7.791695434,1,7.791695434,1,,,WT,WT,WT,WT,WT
TCGA-AC-A3BB-01,NA,STAGE III,MX,N+,T3,32.44895946,0,32.44895946,0,32.44895946,0,32.44895946,0,,,#N/A,#N/A,#N/A,#N/A,#N/A
TCGA-AC-A3EH-01,NA,STAGE III,M0,N+,T3,6.476641352,1,6.476641352,0,6.476641352,0,6.476641352,0,,,WT,WT,WT,WT,WT
TCGA-AC-A3HN-01,BRCA_LumA,STAGE II,MX,N+,T2,16.30667061,0,16.30667061,0,16.30667061,0,16.30667061,0,HER2-,BRCA_LumA,WT,WT,WT,WT,WT
TCGA-AC-A3OD-01,BRCA_LumA,STAGE II,MX,N+,T2,14.82723477,0,14.82723477,0,14.82723477,0,14.82723477,0,HER2-,BRCA_LumA,MUT,MUT,WT,WT,WT
TCGA-AC-A3QP-01,BRCA_LumA,STAGE II,MX,N+,T2,22.19153763,0,22.19153763,0,22.19153763,0,22.19153763,0,HER2-,BRCA_LumA,WT,WT,WT,WT,WT
TCGA-AC-A3QQ-01,BRCA_LumA,STAGE I,MX,N0,T1,24.1312424,0,24.1312424,0,0,0,24.1312424,0,HER2-,BRCA_LumA,WT,WT,WT,WT,WT
TCGA-AC-A3TM-01,NA,STAGE III,M0,N+,T3,25.05178025,0,25.05178025,0,25.05178025,0,25.05178025,0,,,WT,WT,WT,WT,WT
TCGA-AC-A3TN-01,NA,STAGE II,MX,N0,T3,14.99161653,0,14.99161653,0,14.99161653,0,14.99161653,0,,,WT,WT,WT,WT,WT
TCGA-AC-A3W5-01,BRCA_Her2,STAGE II,MX,N0,T2,16.56968143,0,16.56968143,0,0,0,16.56968143,0,HER2+,BRCA_Her2,WT,WT,WT,WT,WT
TCGA-AC-A3W6-01,NA,STAGE III,MX,N+,T3,19.79156393,0,19.79156393,0,19.79156393,0,19.79156393,0,,,#N/A,#N/A,#N/A,#N/A,#N/A
TCGA-AC-A3W7-01,NA,STAGE II,MX,N+,T2,15.48476181,0,15.48476181,0,15.48476181,0,15.48476181,0,,,WT,WT,WT,WT,WT
TCGA-AC-A3YI-01,BRCA_Normal,STAGE III,MX,N+,T1,23.24358089,0,23.24358089,0,23.24358089,0,23.24358089,0,,,WT,WT,MUT,WT,WT
TCGA-AC-A3YJ-01,BRCA_LumA,STAGE II,MX,N0,T2,24.78876944,0,24.78876944,0,24.78876944,0,24.78876944,0,HER2-,BRCA_LumA,WT,MUT,WT,WT,WT
TCGA-AC-A4ZE-01,BRCA_LumA,STAGE II,M0,N0,T3,29.25995332,0,29.25995332,0,29.25995332,0,29.25995332,0,HER2-,BRCA_LumA,WT,WT,WT,WT,WT
TCGA-AC-A5EH-01,BRCA_Her2,STAGE II,MX,N+,T2,16.79981589,0,16.79981589,0,16.79981589,0,16.79981589,0,HER2+,BRCA_Her2,MUT,MUT,WT,WT,WT
TCGA-AC-A5EI-01,NA,STAGE I,MX,N+,T1,14.5313476,0,14.5313476,0,14.5313476,0,14.5313476,0,,,WT,WT,WT,WT,WT
TCGA-AC-A5XS-01,BRCA_LumA,STAGE II,MX,N0,T2,19.331295,0,19.331295,0,19.331295,0,19.331295,0,HER2-,BRCA_LumA,WT,MUT,WT,WT,WT
TCGA-AC-A5XU-01,BRCA_LumA,STAGE II,MX,N0,T3,14.95874018,0,14.95874018,0,14.95874018,0,14.95874018,0,HER2-,BRCA_LumA,MUT,WT,WT,WT,WT
TCGA-AC-A62V-01,NA,STAGE IV,M1,N+,T2,11.44097051,1,11.44097051,1,0,0,11.44097051,1,,,WT,WT,WT,WT,WT
TCGA-AC-A62X-01,BRCA_Basal,STAGE II,MX,N0,T2,13.7094388,0,13.7094388,0,13.7094388,0,13.7094388,0,HER2-,BRCA_Basal,MUT,WT,WT,WT,WT
TCGA-AC-A62Y-01,BRCA_LumA,STAGE II,MX,N+,T2,17.42446658,0,17.42446658,0,0,0,17.42446658,0,HER2-,BRCA_LumA,WT,WT,WT,WT,WT
TCGA-AC-A6IV-01,BRCA_LumA,STAGE II,MX,N+,T2,18.67376796,0,18.67376796,0,18.67376796,0,18.67376796,0,HER2-,BRCA_LumA,WT,WT,WT,WT,WT
TCGA-AC-A6IW-01,BRCA_Basal,STAGE II,MX,N0,T2,13.57793339,0,13.57793339,0,13.57793339,0,13.57793339,0,HER2-,BRCA_Basal,MUT,WT,WT,WT,WT
TCGA-AC-A6IX-01,BRCA_LumA,STAGE III,MX,N+,T2,12.26287931,0,12.26287931,0,12.26287931,0,12.26287931,0,HER2-,BRCA_LumA,WT,WT,WT,WT,WT
TCGA-AC-A6NO-01,BRCA_LumA,STAGE II,MX,N+,T2,1.676693954,0,1.676693954,0,1.676693954,0,1.676693954,0,HER2-,BRCA_LumA,WT,MUT,WT,WT,WT
TCGA-AC-A7VB-01,BRCA_LumB,STAGE II,MX,N+,T1,8.21908801,0,8.21908801,0,8.21908801,0,8.21908801,0,,BRCA_LumB,WT,WT,WT,WT,WT
TCGA-AC-A7VC-01,BRCA_Basal,STAGE II,MX,N0,T3,0.032876352,0,0.032876352,0,0.032876352,0,0.032876352,0,HER2-,BRCA_Basal,MUT,WT,WT,MUT,WT
TCGA-AC-A8OP-01,BRCA_LumA,STAGE I,MX,N0,T1,20.18608015,0,20.18608015,0,20.18608015,0,20.18608015,0,HER2-,BRCA_LumA,WT,WT,WT,WT,WT
TCGA-AC-A8OQ-01,BRCA_Basal,STAGE II,MX,N+,T2,1.117795969,0,1.117795969,0,1.117795969,0,1.117795969,0,HER2-,BRCA_Basal,MUT,WT,WT,WT,WT
TCGA-AC-A8OR-01,BRCA_LumA,STAGE I,MX,N0,T1,1.315054082,0,1.315054082,0,1.315054082,0,1.315054082,0,HER2-,BRCA_LumA,WT,WT,WT,WT,WT
TCGA-AC-A8OS-01,BRCA_LumA,STAGE II,MX,N0,T2,2.301344643,0,2.301344643,0,2.301344643,0,2.301344643,0,HER2-,BRCA_LumA,WT,MUT,WT,WT,WT
TCGA-AN-A03X-01,BRCA_LumA,STAGE II,M0,N0,T2,0.32876352,0,0.32876352,0,0.32876352,0,0.32876352,0,HER2-,BRCA_LumA,WT,MUT,WT,WT,WT
TCGA-AN-A03Y-01,BRCA_LumB,STAGE II,M0,N0,T2,0.32876352,0,0.32876352,0,0.32876352,0,0.32876352,0,,BRCA_LumB,WT,MUT,WT,WT,WT
TCGA-AN-A041-01,BRCA_LumA,STAGE II,M0,N+,T2,0.230134464,0,0.230134464,0,0.230134464,0,0.230134464,0,HER2-,BRCA_LumA,WT,WT,WT,WT,WT
TCGA-AN-A046-01,BRCA_LumA,STAGE II,M0,N0,T2,0.32876352,0,0.32876352,0,0.32876352,0,0.32876352,0,HER2-,BRCA_LumA,MUT,MUT,MUT,MUT,MUT
TCGA-AN-A049-01,BRCA_LumA,STAGE II,M0,N0,T2,0.624650689,0,0.624650689,0,0,0,0.624650689,0,HER2-,BRCA_LumA,WT,MUT,WT,WT,WT
TCGA-AN-A04A-01,BRCA_LumA,STAGE III,M0,N+,T2,2.958871684,0,2.958871684,0,0,0,2.958871684,0,HER2-,BRCA_LumA,WT,WT,WT,WT,WT
TCGA-AN-A04C-01,BRCA_Her2,STAGE II,M0,N+,T2,1.77532301,0,1.77532301,0,0,0,1.77532301,0,HER2+,BRCA_Her2,MUT,MUT,WT,WT,WT
TCGA-AN-A04D-01,BRCA_Basal,STAGE II,M0,N+,T2,1.709570306,0,1.709570306,0,0,0,1.709570306,0,HER2-,BRCA_Basal,WT,WT,WT,WT,WT
TCGA-AN-A0AJ-01,BRCA_LumB,STAGE II,M0,N0,T3,9.961534668,0,9.961534668,0,9.961534668,0,9.961534668,0,,BRCA_LumB,MUT,MUT,WT,WT,WT
TCGA-AN-A0AK-01,BRCA_LumB,STAGE II,M0,N0,T2,7.364302857,0,7.364302857,0,7.364302857,0,7.364302857,0,,BRCA_LumB,WT,MUT,WT,WT,WT
TCGA-AN-A0AL-01,BRCA_Basal,STAGE III,M0,N0,T4,7.462931913,0,7.462931913,0,7.462931913,0,7.462931913,0,HER2-,BRCA_Basal,MUT,WT,WT,WT,WT
TCGA-AN-A0AM-01,BRCA_LumB,STAGE II,M0,N0,T2,0.16438176,0,0.16438176,0,0.16438176,0,0.16438176,0,,BRCA_LumB,WT,WT,WT,WT,WT
TCGA-AN-A0AR-01,BRCA_Basal,STAGE II,M0,N0,T2,0.32876352,0,0.32876352,0,0.32876352,0,0.32876352,0,HER2-,BRCA_Basal,MUT,WT,WT,WT,WT
TCGA-AN-A0AS-01,BRCA_LumA,STAGE III,M0,N+,T2,0.32876352,0,0.32876352,0,0.32876352,0,0.32876352,0,HER2-,BRCA_LumA,MUT,WT,WT,WT,WT
TCGA-AN-A0AT-01,BRCA_Basal,STAGE II,M0,N0,T2,0.32876352,0,0.32876352,0,0.32876352,0,0.32876352,0,HER2-,BRCA_Basal,WT,WT,WT,WT,MUT
TCGA-AN-A0FD-01,BRCA_LumA,STAGE II,M0,N0,T2,6.443765,0,6.443765,0,6.443765,0,6.443765,0,HER2-,BRCA_LumA,WT,WT,WT,WT,WT
TCGA-AN-A0FF-01,BRCA_LumB,STAGE I,M0,N0,T1,5.654732551,0,5.654732551,0,5.654732551,0,5.654732551,0,,BRCA_LumB,WT,MUT,WT,WT,WT
TCGA-AN-A0FJ-01,BRCA_Basal,STAGE IV,M1,N+,T2,7.956077194,0,7.956077194,0,0,0,7.956077194,0,HER2-,BRCA_Basal,MUT,WT,WT,WT,WT
TCGA-AN-A0FK-01,BRCA_LumA,STAGE III,M0,N0,T4,7.002662985,0,7.002662985,0,7.002662985,0,7.002662985,0,HER2-,BRCA_LumA,WT,WT,WT,WT,WT
TCGA-AN-A0FL-01,BRCA_Basal,STAGE II,M0,N0,T2,7.594437321,0,7.594437321,0,7.594437321,0,7.594437321,0,HER2-,BRCA_Basal,MUT,WT,WT,WT,WT
TCGA-AN-A0FN-01,BRCA_LumA,STAGE I,M0,N0,T1,7.167044745,0,7.167044745,0,7.167044745,0,7.167044745,0,HER2-,BRCA_LumA,WT,WT,WT,WT,WT
TCGA-AN-A0FS-01,BRCA_LumA,STAGE I,M0,N0,T1,6.904033928,0,6.904033928,0,6.904033928,0,6.904033928,0,HER2-,BRCA_LumA,WT,MUT,WT,WT,WT
TCGA-AN-A0FT-01,BRCA_LumA,STAGE II,M0,N+,T2,7.035539337,0,7.035539337,0,7.035539337,0,7.035539337,0,HER2-,BRCA_LumA,MUT,WT,WT,WT,WT
TCGA-AN-A0FV-01,BRCA_Her2,STAGE II,M0,N0,T2,0.32876352,0,0.32876352,0,0.32876352,0,0.32876352,0,HER2+,BRCA_Her2,MUT,WT,WT,WT,WT
TCGA-AN-A0FW-01,BRCA_LumA,STAGE III,M0,N+,T2,0.361639872,0,0.361639872,0,0.361639872,0,0.361639872,0,HER2-,BRCA_LumA,WT,WT,WT,WT,WT
TCGA-AN-A0FX-01,BRCA_Basal,STAGE II,M0,N0,T2,0.32876352,0,0.32876352,0,0.32876352,0,0.32876352,0,HER2-,BRCA_Basal,MUT,WT,WT,WT,WT
TCGA-AN-A0FY-01,BRCA_LumB,STAGE I,M0,N0,T1,0.32876352,0,0.32876352,0,0.32876352,0,0.32876352,0,,BRCA_LumB,MUT,WT,WT,MUT,WT
TCGA-AN-A0FZ-01,BRCA_LumA,STAGE III,M0,N+,T2,0.32876352,0,0.32876352,0,0.32876352,0,0.32876352,0,HER2-,BRCA_LumA,WT,WT,WT,WT,WT
TCGA-AN-A0G0-01,NA,STAGE II,M0,N0,T2,0.526021633,0,0.526021633,0,0.526021633,0,0.526021633,0,,,MUT,WT,WT,WT,WT
TCGA-AN-A0XL-01,BRCA_LumA,STAGE II,M0,N0,T2,5.358845383,0,5.358845383,0,5.358845383,0,5.358845383,0,HER2-,BRCA_LumA,WT,MUT,WT,WT,WT
TCGA-AN-A0XN-01,BRCA_LumA,STAGE III,M0,N+,T2,0.32876352,0,0.32876352,0,0.32876352,0,0.32876352,0,HER2-,BRCA_LumA,MUT,WT,WT,WT,WT
TCGA-AN-A0XO-01,BRCA_LumA,STAGE III,M0,N+,T2,12.32863202,0,12.32863202,0,12.32863202,0,12.32863202,0,HER2-,BRCA_LumA,WT,MUT,WT,WT,WT
TCGA-AN-A0XP-01,BRCA_LumA,STAGE III,M0,N+,T2,0.295887168,0,0.295887168,0,0.295887168,0,0.295887168,0,HER2-,BRCA_LumA,WT,MUT,WT,WT,WT
TCGA-AN-A0XR-01,BRCA_LumB,STAGE III,M0,N+,T2,0.32876352,0,0.32876352,0,0.32876352,0,0.32876352,0,,BRCA_LumB,WT,WT,WT,WT,WT
TCGA-AN-A0XS-01,BRCA_LumA,STAGE III,M0,N+,T2,0.32876352,0,0.32876352,0,0.32876352,0,0.32876352,0,HER2-,BRCA_LumA,WT,MUT,WT,WT,WT
TCGA-AN-A0XT-01,BRCA_LumA,STAGE III,M0,N+,T2,0.32876352,0,0.32876352,0,0.32876352,0,0.32876352,0,HER2-,BRCA_LumA,MUT,WT,WT,WT,WT
TCGA-AN-A0XU-01,BRCA_Basal,STAGE II,M0,N0,T2,0.32876352,0,0.32876352,0,0.32876352,0,0.32876352,0,HER2-,BRCA_Basal,MUT,WT,WT,WT,MUT
TCGA-AN-A0XV-01,BRCA_LumA,STAGE III,M0,N+,T2,5.325969031,0,5.325969031,0,5.325969031,0,5.325969031,0,HER2-,BRCA_LumA,WT,WT,WT,WT,WT
TCGA-AN-A0XW-01,BRCA_LumA,STAGE III,M0,N+,T2,5.588979847,0,5.588979847,0,5.588979847,0,5.588979847,0,HER2-,BRCA_LumA,WT,WT,WT,WT,MUT
TCGA-AO-A03L-01,BRCA_LumA,STAGE III,M0,N+,T3,80.28405168,0,80.28405168,0,80.28405168,0,80.28405168,0,HER2-,BRCA_LumA,MUT,MUT,WT,WT,WT
TCGA-AO-A03M-01,BRCA_LumA,STAGE I,M0,N0,T1,61.34727291,0,61.34727291,0,61.34727291,0,61.34727291,0,HER2-,BRCA_LumA,WT,MUT,WT,WT,WT
TCGA-AO-A03N-01,BRCA_LumB,STAGE II,M0,N+,T2,66.77187099,0,66.77187099,0,54.08159911,1,54.08159911,1,,BRCA_LumB,MUT,MUT,WT,WT,WT
TCGA-AO-A03O-01,BRCA_LumB,STAGE II,M0,N0,T2,81.63198212,1,81.63198212,0,81.63198212,0,81.63198212,0,,BRCA_LumB,MUT,MUT,WT,WT,WT
TCGA-AO-A03P-01,BRCA_LumB,STAGE II,M0,N+,T2,95.70306079,1,95.70306079,1,0,0,63.18834862,1,,BRCA_LumB,WT,WT,WT,WT,WT
TCGA-AO-A03R-01,BRCA_Normal,STAGE II,M0,N+,T2,68.74445212,0,68.74445212,0,68.74445212,0,68.74445212,0,,,MUT,WT,WT,WT,WT
TCGA-AO-A03T-01,BRCA_Normal,STAGE II,M0,N+,T2,69.82937173,0,69.82937173,0,69.82937173,0,69.82937173,0,,,WT,WT,WT,WT,WT
TCGA-AO-A03U-01,BRCA_Normal,STAGE I,M0,N0,T1,58.94729921,1,58.94729921,0,58.94729921,0,53.06243219,1,,,WT,WT,WT,WT,WT
TCGA-AO-A03V-01,BRCA_LumA,STAGE I,M0,N0,T1,44.41595161,0,44.41595161,0,44.41595161,0,44.41595161,0,HER2-,BRCA_LumA,MUT,WT,WT,WT,WT
TCGA-AO-A0J2-01,BRCA_Her2,STAGE I,M0,N0,T1,32.77772298,0,32.77772298,0,32.77772298,0,32.77772298,0,HER2+,BRCA_Her2,MUT,WT,WT,WT,WT
TCGA-AO-A0J3-01,BRCA_LumB,STAGE II,M0,N+,T2,21.40250518,0,21.40250518,0,21.40250518,0,21.40250518,0,,BRCA_LumB,WT,WT,WT,WT,WT
TCGA-AO-A0J4-01,BRCA_Basal,STAGE I,M0,N0,T1,52.17477069,0,52.17477069,0,52.17477069,0,52.17477069,0,HER2-,BRCA_Basal,MUT,WT,WT,WT,MUT
TCGA-AO-A0J5-01,BRCA_LumA,STAGE IV,M1,N+,T4,26.03807082,1,26.03807082,1,0,0,26.03807082,1,HER2-,BRCA_LumA,WT,MUT,WT,WT,WT
TCGA-AO-A0J6-01,BRCA_Basal,STAGE II,M0,N0,T2,37.47904133,0,37.47904133,0,37.47904133,0,37.47904133,0,HER2-,BRCA_Basal,MUT,WT,WT,WT,WT
TCGA-AO-A0J7-01,BRCA_LumB,STAGE II,M0,N+,T2,20.31758556,0,20.31758556,0,20.31758556,0,20.31758556,0,,BRCA_LumB,WT,MUT,WT,WT,WT
TCGA-AO-A0J8-01,BRCA_LumA,STAGE II,M0,N0,T2,22.35591939,0,22.35591939,0,22.35591939,0,22.35591939,0,HER2-,BRCA_LumA,WT,WT,WT,WT,WT
TCGA-AO-A0J9-01,BRCA_LumA,STAGE III,M0,N+,T2,53.02955584,0,53.02955584,0,35.04619128,1,35.04619128,1,HER2-,BRCA_LumA,WT,WT,WT,WT,WT
TCGA-AO-A0JA-01,BRCA_LumA,STAGE III,M0,N+,T2,21.53401059,0,21.53401059,0,4.701318342,1,4.701318342,1,HER2-,BRCA_LumA,WT,MUT,WT,WT,WT
TCGA-AO-A0JB-01,BRCA_Normal,STAGE III,M0,N+,T3,50.69533485,0,50.69533485,0,50.69533485,0,50.69533485,0,,,MUT,WT,WT,WT,WT
TCGA-AO-A0JC-01,BRCA_LumA,STAGE II,M0,N0,T2,50.85971661,0,50.85971661,0,50.85971661,0,50.85971661,0,HER2-,BRCA_LumA,WT,MUT,WT,WT,WT
TCGA-AO-A0JD-01,BRCA_LumB,STAGE III,M0,N+,T3,71.99921097,0,71.99921097,0,71.99921097,0,71.99921097,0,,BRCA_LumB,MUT,WT,WT,WT,WT
TCGA-AO-A0JE-01,BRCA_Her2,STAGE III,M0,N+,T2,76.76628201,0,76.76628201,0,0,0,76.76628201,0,HER2+,BRCA_Her2,MUT,MUT,WT,WT,WT
TCGA-AO-A0JF-01,BRCA_LumA,STAGE II,M0,N+,T1,65.09517704,0,65.09517704,0,65.09517704,0,65.09517704,0,HER2-,BRCA_LumA,WT,MUT,WT,WT,WT
TCGA-AO-A0JG-01,BRCA_LumA,STAGE III,M0,N+,T2,26.23532893,0,26.23532893,0,0,0,26.23532893,0,HER2-,BRCA_LumA,WT,WT,WT,WT,WT
TCGA-AO-A0JI-01,BRCA_LumA,STAGE II,M0,N+,T1,50.23506592,0,50.23506592,0,50.23506592,0,50.23506592,0,HER2-,BRCA_LumA,WT,WT,WT,WT,WT
TCGA-AO-A0JJ-01,BRCA_LumA,STAGE II,M0,N+,T2,62.0376763,0,62.0376763,0,62.0376763,0,62.0376763,0,HER2-,BRCA_LumA,WT,WT,WT,WT,WT
TCGA-AO-A0JL-01,NA,STAGE III,M0,N+,T2,55.33090048,0,55.33090048,0,55.33090048,0,55.33090048,0,,,WT,WT,WT,WT,WT
TCGA-AO-A0JM-01,BRCA_LumB,STAGE II,M0,N+,T2,71.80195286,0,71.80195286,0,71.80195286,0,71.80195286,0,,BRCA_LumB,WT,WT,WT,WT,WT
TCGA-AO-A124-01,BRCA_Basal,STAGE II,M0,N0,T2,115.2644903,0,115.2644903,0,115.2644903,0,115.2644903,0,HER2-,BRCA_Basal,MUT,WT,WT,WT,MUT
TCGA-AO-A125-01,BRCA_LumA,STAGE II,M0,N0,T2,113.6206727,0,113.6206727,0,113.6206727,0,113.6206727,0,HER2-,BRCA_LumA,WT,MUT,WT,WT,WT
TCGA-AO-A126-01,BRCA_LumA,STAGE II,M0,N0,T2,108.7220962,0,108.7220962,0,8.777985995,1,8.777985995,1,HER2-,BRCA_LumA,WT,MUT,WT,WT,WT
TCGA-AO-A128-01,BRCA_Basal,STAGE II,M0,N0,T2,106.7823914,0,106.7823914,0,106.7823914,0,106.7823914,0,HER2-,BRCA_Basal,MUT,WT,MUT,WT,WT
TCGA-AO-A129-01,BRCA_Basal,STAGE II,M0,N+,T2,108.0316928,0,108.0316928,0,108.0316928,0,108.0316928,0,HER2-,BRCA_Basal,MUT,WT,WT,WT,WT
TCGA-AO-A12A-01,BRCA_LumA,STAGE II,M0,N0,T2,102.3112076,0,102.3112076,0,0,0,102.3112076,0,HER2-,BRCA_LumA,WT,MUT,WT,WT,WT
TCGA-AO-A12B-01,BRCA_LumA,STAGE II,M0,N0,T2,98.26741625,0,98.26741625,0,98.26741625,0,98.26741625,0,HER2-,BRCA_LumA,WT,WT,WT,WT,WT
TCGA-AO-A12D-01,BRCA_Her2,STAGE II,M0,N+,T1,82.68402538,0,82.68402538,0,82.68402538,0,82.68402538,0,HER2+,BRCA_Her2,MUT,WT,WT,WT,WT
TCGA-AO-A12E-01,BRCA_LumA,STAGE II,M0,N0,T3,70.42114607,0,70.42114607,0,70.42114607,0,70.42114607,0,HER2-,BRCA_LumA,WT,WT,WT,WT,WT
TCGA-AO-A12F-01,BRCA_Basal,STAGE II,M0,N0,T2,60.55824046,0,60.55824046,0,60.55824046,0,60.55824046,0,HER2-,BRCA_Basal,WT,WT,WT,WT,WT
TCGA-AO-A12G-01,BRCA_LumA,STAGE II,M0,N0,T2,53.88434099,0,53.88434099,0,53.88434099,0,53.88434099,0,HER2-,BRCA_LumA,MUT,WT,WT,WT,WT
TCGA-AO-A12H-01,BRCA_LumA,STAGE II,M0,N0,T2,40.56941842,0,40.56941842,0,40.56941842,0,40.56941842,0,HER2-,BRCA_LumA,WT,WT,WT,WT,WT
TCGA-AO-A1KO-01,BRCA_Normal,STAGE II,M0,N0,T3,20.44909097,0,20.44909097,0,20.44909097,0,20.44909097,0,,,WT,WT,WT,WT,WT
TCGA-AO-A1KP-01,BRCA_LumB,STAGE II,M0,N+,T1,97.08386757,0,97.08386757,0,97.08386757,0,97.08386757,0,,BRCA_LumB,WT,WT,WT,WT,WT
TCGA-AO-A1KQ-01,NA,STAGE III,M0,N+,T4,61.87329454,0,61.87329454,0,61.87329454,0,61.87329454,0,,,WT,WT,WT,WT,WT
TCGA-AO-A1KR-01,BRCA_Basal,STAGE II,M0,N0,T2,82.61827268,0,82.61827268,0,82.61827268,0,82.61827268,0,HER2-,BRCA_Basal,WT,MUT,WT,WT,MUT
TCGA-AO-A1KS-01,BRCA_LumB,STAGE II,M0,N0,T2,11.50672321,0,11.50672321,0,11.50672321,0,11.50672321,0,,BRCA_LumB,WT,WT,WT,WT,WT
TCGA-AO-A1KT-01,BRCA_LumB,STAGE II,M0,N+,T1,17.78610645,0,17.78610645,0,17.78610645,0,17.78610645,0,,BRCA_LumB,WT,WT,WT,WT,WT
TCGA-AQ-A04H-01,BRCA_LumB,STAGE III,MX,N+,T2,24.78876944,0,24.78876944,0,24.78876944,0,24.78876944,0,,BRCA_LumB,MUT,WT,WT,WT,WT
TCGA-AQ-A04J-01,BRCA_Basal,STAGE II,M0,N0,T2,26.92573232,0,26.92573232,0,26.92573232,0,26.92573232,0,HER2-,BRCA_Basal,MUT,WT,WT,WT,WT
TCGA-AQ-A04L-01,NA,STAGE II,MX,N0,T2,130.091725,0,130.091725,0,130.091725,0,130.091725,0,,,WT,WT,WT,WT,WT
TCGA-AQ-A0Y5-01,BRCA_LumA,STAGE III,MX,N+,T2,5.654732551,1,5.654732551,0,5.654732551,0,5.654732551,0,HER2-,BRCA_LumA,WT,MUT,WT,WT,WT
TCGA-AQ-A1H2-01,BRCA_LumA,STAGE III,MX,N+,T2,15.61626722,0,15.61626722,0,15.61626722,0,15.61626722,0,HER2-,BRCA_LumA,WT,MUT,WT,WT,WT
TCGA-AQ-A1H3-01,BRCA_LumA,STAGE III,MX,N+,T2,32.51471217,0,32.51471217,0,32.51471217,0,32.51471217,0,HER2-,BRCA_LumA,WT,WT,WT,WT,WT
TCGA-AQ-A54N-01,NA,STAGE II,M0,N0,T2,2.564355459,0,2.564355459,0,2.564355459,0,2.564355459,0,,,WT,WT,WT,WT,WT
TCGA-AQ-A54O-01,NA,STAGE II,M0,N0,T2,32.90922839,0,32.90922839,0,32.90922839,0,32.90922839,0,,,WT,MUT,WT,WT,WT
TCGA-AQ-A7U7-01,BRCA_LumA,STAGE III,M0,N+,T2,19.19978959,1,19.19978959,0,19.19978959,0,19.19978959,0,HER2-,BRCA_LumA,WT,MUT,WT,WT,WT
TCGA-AR-A0TP-01,BRCA_Basal,STAGE II,M0,N0,T2,140.546405,0,140.546405,0,140.546405,0,140.546405,0,HER2-,BRCA_Basal,MUT,WT,WT,WT,WT
TCGA-AR-A0TQ-01,BRCA_LumB,STAGE III,M0,N+,T3,98.33316895,0,98.33316895,0,98.33316895,0,98.33316895,0,,BRCA_LumB,WT,WT,WT,WT,WT
TCGA-AR-A0TR-01,BRCA_LumA,STAGE II,M0,N+,T2,5.260216326,1,5.260216326,0,5.260216326,0,5.260216326,0,HER2-,BRCA_LumA,WT,MUT,WT,WT,WT
TCGA-AR-A0TS-01,BRCA_Basal,STAGE II,M0,N+,T2,84.09770852,0,84.09770852,0,84.09770852,0,84.09770852,0,HER2-,BRCA_Basal,MUT,WT,WT,WT,WT
TCGA-AR-A0TT-01,BRCA_LumB,STAGE III,M0,N+,T2,109.0179834,0,109.0179834,0,109.0179834,0,109.0179834,0,,BRCA_LumB,WT,WT,WT,WT,WT
TCGA-AR-A0TU-01,NA,STAGE II,M0,N0,T2,23.3093336,0,23.3093336,0,23.3093336,0,23.3093336,0,,,WT,WT,WT,WT,WT
TCGA-AR-A0TV-01,BRCA_LumB,STAGE II,M0,N0,T2,75.22109347,0,75.22109347,0,75.22109347,0,75.22109347,0,,BRCA_LumB,MUT,WT,WT,WT,WT
TCGA-AR-A0TW-01,BRCA_LumA,STAGE III,M0,N+,T3,98.92494329,0,98.92494329,0,24.29562416,1,24.29562416,1,HER2-,BRCA_LumA,WT,WT,WT,WT,WT
TCGA-AR-A0TX-01,BRCA_Her2,STAGE II,M0,N+,T1,64.83216622,0,64.83216622,0,64.83216622,0,64.83216622,0,HER2+,BRCA_Her2,MUT,WT,WT,WT,WT
TCGA-AR-A0TY-01,BRCA_LumB,STAGE II,M0,N0,T2,55.85692212,1,55.85692212,1,17.88473551,1,17.88473551,1,,BRCA_LumB,WT,WT,WT,WT,WT
TCGA-AR-A0TZ-01,BRCA_LumA,STAGE III,M1,N+,T2,107.2426604,1,107.2426604,0,43.16665023,1,43.16665023,1,HER2-,BRCA_LumA,WT,MUT,WT,WT,WT
TCGA-AR-A0U0-01,BRCA_Basal,STAGE II,M0,N+,T2,65.35818786,0,65.35818786,0,65.35818786,0,65.35818786,0,HER2-,BRCA_Basal,MUT,WT,WT,WT,WT
TCGA-AR-A0U1-01,NA,STAGE II,M0,N+,T2,133.2149785,0,133.2149785,0,133.2149785,0,133.2149785,0,,,MUT,WT,WT,WT,WT
TCGA-AR-A0U2-01,BRCA_LumB,STAGE III,M0,N+,T2,83.86757405,1,83.86757405,1,52.89805043,1,52.89805043,1,,BRCA_LumB,MUT,WT,WT,WT,WT
TCGA-AR-A0U3-01,BRCA_LumA,STAGE II,M0,N+,T2,134.1355163,0,134.1355163,0,134.1355163,0,134.1355163,0,HER2-,BRCA_LumA,WT,WT,WT,WT,WT
TCGA-AR-A0U4-01,BRCA_Basal,STAGE II,M0,N0,T2,107.209784,0,107.209784,0,107.209784,0,107.209784,0,HER2-,BRCA_Basal,MUT,WT,WT,WT,MUT
TCGA-AR-A1AH-01,BRCA_Basal,STAGE II,M0,N+,T2,125.1602722,0,125.1602722,0,125.1602722,0,37.34753592,1,HER2-,BRCA_Basal,MUT,WT,WT,WT,WT
TCGA-AR-A1AI-01,BRCA_Basal,STAGE II,M0,N0,T2,108.3604563,0,108.3604563,0,19.331295,1,19.331295,1,HER2-,BRCA_Basal,MUT,WT,WT,WT,MUT
TCGA-AR-A1AJ-01,BRCA_Basal,STAGE I,M0,N0,T1,100.9961535,0,100.9961535,0,100.9961535,0,100.9961535,0,HER2-,BRCA_Basal,MUT,WT,WT,WT,WT
TCGA-AR-A1AK-01,BRCA_LumA,STAGE I,M0,N0,T1,103.8563961,0,103.8563961,0,103.8563961,0,103.8563961,0,HER2-,BRCA_LumA,WT,WT,WT,WT,WT
TCGA-AR-A1AL-01,BRCA_LumA,STAGE III,M0,N+,T3,97.67564191,0,97.67564191,0,97.67564191,0,97.67564191,0,HER2-,BRCA_LumA,WT,MUT,WT,WT,WT
TCGA-AR-A1AM-01,NA,STAGE III,M0,N+,T3,98.33316895,0,98.33316895,0,98.33316895,0,98.33316895,0,,,#N/A,#N/A,#N/A,#N/A,#N/A
TCGA-AR-A1AN-01,BRCA_LumA,STAGE II,M0,N0,T2,95.99894796,0,95.99894796,0,95.99894796,0,95.99894796,0,HER2-,BRCA_LumA,MUT,WT,WT,WT,WT
TCGA-AR-A1AO-01,BRCA_Normal,STAGE II,M0,N+,T1,86.07028964,0,86.07028964,0,86.07028964,0,86.07028964,0,,,WT,MUT,WT,WT,WT
TCGA-AR-A1AP-01,BRCA_LumA,STAGE I,M0,N0,T1,93.89486143,0,93.89486143,0,93.89486143,0,93.89486143,0,HER2-,BRCA_LumA,MUT,WT,WT,WT,WT
TCGA-AR-A1AQ-01,BRCA_Basal,STAGE II,M0,N0,T2,99.31945951,0,99.31945951,0,99.31945951,0,99.31945951,0,HER2-,BRCA_Basal,MUT,WT,WT,MUT,WT
TCGA-AR-A1AR-01,BRCA_Basal,STAGE III,M0,N+,T1,17.22720847,1,17.22720847,1,8.810862347,1,8.810862347,1,HER2-,BRCA_Basal,MUT,WT,WT,WT,WT
TCGA-AR-A1AS-01,BRCA_LumA,STAGE II,M0,N+,T2,37.80780485,0,37.80780485,0,37.80780485,0,37.80780485,0,HER2-,BRCA_LumA,MUT,MUT,WT,WT,WT
TCGA-AR-A1AT-01,NA,STAGE II,M0,N0,T2,41.8187198,1,41.8187198,0,41.8187198,0,41.8187198,0,,,WT,WT,WT,WT,WT
TCGA-AR-A1AU-01,BRCA_LumA,STAGE III,M0,N+,T2,94.28937765,0,94.28937765,0,94.28937765,0,94.28937765,0,HER2-,BRCA_LumA,WT,WT,WT,WT,WT
TCGA-AR-A1AV-01,NA,STAGE II,M0,N+,T2,61.2815202,0,61.2815202,0,61.2815202,0,61.2815202,0,,,WT,MUT,WT,WT,WT
TCGA-AR-A1AW-01,BRCA_LumB,STAGE II,M0,N0,T2,86.53055857,0,86.53055857,0,86.53055857,0,86.53055857,0,,BRCA_LumB,MUT,MUT,WT,WT,WT
TCGA-AR-A1AX-01,BRCA_LumA,STAGE I,M0,N0,T1,86.43192951,0,86.43192951,0,86.43192951,0,86.43192951,0,HER2-,BRCA_LumA,MUT,WT,WT,WT,WT
TCGA-AR-A1AY-01,BRCA_Basal,STAGE I,M0,N0,T1,33.73113719,0,33.73113719,0,33.73113719,0,33.73113719,0,HER2-,BRCA_Basal,MUT,WT,WT,WT,WT
TCGA-AR-A24H-01,BRCA_LumB,STAGE II,M0,N0,T2,160.8968669,0,160.8968669,0,160.8968669,0,160.8968669,0,,BRCA_LumB,WT,WT,WT,WT,WT
TCGA-AR-A24K-01,BRCA_LumB,STAGE II,M0,N0,T2,50.89259296,0,50.89259296,0,50.89259296,0,50.89259296,0,,BRCA_LumB,MUT,MUT,WT,WT,WT
TCGA-AR-A24L-01,BRCA_LumA,STAGE II,M0,N+,T2,94.22362495,1,94.22362495,1,46.48716179,1,46.48716179,1,HER2-,BRCA_LumA,WT,WT,WT,WT,WT
TCGA-AR-A24M-01,BRCA_LumA,STAGE III,M0,N+,T2,120.3274485,0,120.3274485,0,120.3274485,0,120.3274485,0,HER2-,BRCA_LumA,WT,MUT,WT,WT,WT
TCGA-AR-A24N-01,BRCA_LumB,STAGE I,M0,N0,T1,99.77972844,0,99.77972844,0,99.77972844,0,99.77972844,0,,BRCA_LumB,WT,WT,WT,WT,WT
TCGA-AR-A24O-01,BRCA_LumA,STAGE III,M0,N+,T3,118.5850018,0,118.5850018,0,84.19633757,1,84.19633757,1,HER2-,BRCA_LumA,WT,MUT,WT,WT,WT
TCGA-AR-A24P-01,BRCA_LumA,STAGE I,M0,N0,T1,2.761613571,0,2.761613571,0,2.761613571,0,2.761613571,0,HER2-,BRCA_LumA,MUT,WT,WT,WT,WT
TCGA-AR-A24Q-01,BRCA_Basal,STAGE II,M0,N0,T3,104.2837887,0,104.2837887,0,104.2837887,0,104.2837887,0,HER2-,BRCA_Basal,MUT,WT,WT,WT,WT
TCGA-AR-A24R-01,BRCA_LumB,STAGE III,M0,N+,T1,112.7658875,0,112.7658875,0,112.7658875,0,112.7658875,0,,BRCA_LumB,WT,WT,WT,WT,WT
TCGA-AR-A24S-01,BRCA_LumB,STAGE I,M0,N0,T1,97.84002367,0,97.84002367,0,97.84002367,0,97.84002367,0,,BRCA_LumB,MUT,MUT,WT,WT,WT
TCGA-AR-A24T-01,BRCA_LumA,STAGE III,M0,N+,T3,105.2700792,0,105.2700792,0,105.2700792,0,105.2700792,0,HER2-,BRCA_LumA,MUT,MUT,WT,WT,WT
TCGA-AR-A24U-01,BRCA_Her2,STAGE II,M0,N+,T1,102.8372292,0,102.8372292,0,102.8372292,0,102.8372292,0,HER2+,BRCA_Her2,MUT,WT,WT,WT,WT
TCGA-AR-A24V-01,BRCA_LumA,STAGE II,M0,N+,T2,105.3029556,0,105.3029556,0,105.3029556,0,105.3029556,0,HER2-,BRCA_LumA,WT,WT,WT,WT,WT
TCGA-AR-A24W-01,BRCA_LumA,STAGE II,M0,N+,T2,50.95834566,0,50.95834566,0,50.95834566,0,50.95834566,0,HER2-,BRCA_LumA,WT,WT,WT,WT,WT
TCGA-AR-A24X-01,BRCA_LumA,STAGE II,M0,N0,T2,98.76056153,0,98.76056153,0,98.76056153,0,98.76056153,0,HER2-,BRCA_LumA,WT,WT,WT,WT,WT
TCGA-AR-A24Z-01,BRCA_LumB,STAGE II,M0,N0,T2,98.66193247,0,98.66193247,0,98.66193247,0,98.66193247,0,,BRCA_LumB,WT,WT,WT,WT,WT
TCGA-AR-A250-01,BRCA_LumB,STAGE II,M0,N0,T2,88.99628497,0,88.99628497,0,88.99628497,0,88.99628497,0,,BRCA_LumB,WT,WT,WT,WT,WT
TCGA-AR-A251-01,BRCA_Basal,STAGE III,M0,N+,T2,99.61534668,0,99.61534668,0,99.61534668,0,99.61534668,0,HER2-,BRCA_Basal,MUT,WT,WT,WT,WT
TCGA-AR-A252-01,BRCA_LumA,STAGE I,M0,N0,T1,93.30308709,0,93.30308709,0,93.30308709,0,93.30308709,0,HER2-,BRCA_LumA,WT,WT,WT,WT,WT
TCGA-AR-A254-01,BRCA_Her2,STAGE III,M0,N+,T2,85.64289706,0,85.64289706,0,85.64289706,0,85.64289706,0,HER2+,BRCA_Her2,MUT,WT,WT,WT,WT
TCGA-AR-A255-01,BRCA_LumA,STAGE I,M0,N0,T1,71.04579676,0,71.04579676,0,71.04579676,0,71.04579676,0,HER2-,BRCA_LumA,WT,MUT,WT,WT,WT
TCGA-AR-A256-01,BRCA_Basal,STAGE II,M0,N0,T2,93.82910872,1,93.82910872,0,53.91721735,1,53.91721735,1,HER2-,BRCA_Basal,MUT,WT,WT,WT,WT
TCGA-AR-A2LE-01,BRCA_LumA,STAGE I,M0,N0,T1,166.420094,0,166.420094,0,166.420094,0,138.1793076,1,HER2-,BRCA_LumA,WT,WT,WT,WT,WT
TCGA-AR-A2LH-01,BRCA_Normal,STAGE III,M0,N+,T3,20.25183286,1,20.25183286,0,14.26833679,1,14.26833679,1,,,MUT,WT,WT,WT,WT
TCGA-AR-A2LJ-01,NA,STAGE III,MX,N+,T3,86.53055857,0,86.53055857,0,86.53055857,0,86.53055857,0,,,WT,WT,WT,WT,WT
TCGA-AR-A2LK-01,BRCA_LumB,STAGE III,M0,N+,T3,54.21310451,1,54.21310451,0,42.87076306,1,42.87076306,1,,BRCA_LumB,WT,MUT,WT,WT,WT
TCGA-AR-A2LM-01,BRCA_LumA,STAGE II,M0,N+,T1,63.6157412,0,63.6157412,0,63.6157412,0,63.6157412,0,HER2-,BRCA_LumA,WT,MUT,WT,WT,WT
TCGA-AR-A2LN-01,BRCA_LumA,STAGE II,M0,N0,T2,38.16944472,0,38.16944472,0,38.16944472,0,38.16944472,0,HER2-,BRCA_LumA,WT,WT,WT,WT,WT
TCGA-AR-A2LO-01,BRCA_LumA,STAGE II,M0,N+,T2,39.38586974,0,39.38586974,0,39.38586974,0,39.38586974,0,HER2-,BRCA_LumA,WT,MUT,WT,WT,WT
TCGA-AR-A2LQ-01,BRCA_Normal,STAGE II,M0,N0,T3,40.53654207,0,40.53654207,0,40.53654207,0,40.53654207,0,,,WT,WT,WT,WT,WT
TCGA-AR-A5QM-01,BRCA_LumA,STAGE II,M0,N0,T2,73.3471414,0,73.3471414,0,0,0,31.82430878,1,HER2-,BRCA_LumA,WT,MUT,WT,WT,WT
TCGA-AR-A5QN-01,BRCA_LumA,STAGE III,M0,N+,T2,33.30374462,0,33.30374462,0,0,0,33.30374462,0,HER2-,BRCA_LumA,WT,WT,WT,WT,WT
TCGA-AR-A5QP-01,BRCA_LumA,STAGE II,M0,N+,T2,38.95847717,0,38.95847717,0,0,0,38.95847717,0,HER2-,BRCA_LumA,WT,MUT,WT,WT,WT
TCGA-AR-A5QQ-01,BRCA_Basal,STAGE III,M0,N+,T3,10.58618536,1,10.58618536,1,0,0,9.895781964,1,HER2-,BRCA_Basal,MUT,MUT,WT,WT,WT
TCGA-B6-A0I1-01,BRCA_Basal,STAGE II,M0,N0,T2,77.62106717,1,77.62106717,0,36.82151429,1,36.82151429,1,HER2-,BRCA_Basal,MUT,WT,WT,WT,WT
TCGA-B6-A0I2-01,BRCA_Basal,STAGE I,M0,N0,T1,143.3737713,0,143.3737713,0,0,0,143.3737713,0,HER2-,BRCA_Basal,MUT,WT,WT,WT,WT
TCGA-B6-A0I5-01,BRCA_LumA,STAGE II,M0,N+,T2,281.2900681,0,281.2900681,0,281.2900681,0,281.2900681,0,HER2-,BRCA_LumA,WT,MUT,WT,WT,WT
TCGA-B6-A0I6-01,NA,STAGE II,M0,N+,T1,32.58046487,1,32.58046487,1,28.2407864,1,28.2407864,1,,,WT,WT,WT,WT,WT
TCGA-B6-A0I8-01,NA,STAGE X,M0,NX,T1,24.62438768,1,24.62438768,1,0,0,24.52575862,1,,,WT,WT,WT,WT,WT
TCGA-B6-A0I9-01,BRCA_Her2,STAGE IV,M1,NX,T3,11.90123944,1,11.90123944,1,0,0,11.90123944,1,HER2+,BRCA_Her2,MUT,WT,WT,WT,WT
TCGA-B6-A0IA-01,BRCA_LumA,STAGE II,M0,N0,T2,275.86547,0,275.86547,0,275.86547,0,275.86547,0,HER2-,BRCA_LumA,WT,WT,WT,WT,WT
TCGA-B6-A0IB-01,BRCA_LumB,STAGE IV,M1,N+,T3,129.5657034,1,129.5657034,1,0,0,89.32504849,1,,BRCA_LumB,WT,WT,WT,WT,WT
TCGA-B6-A0IC-01,BRCA_LumA,STAGE X,MX,NX,T2,50.69533485,1,50.69533485,0,50.69533485,0,50.69533485,0,HER2-,BRCA_LumA,WT,MUT,WT,WT,WT
TCGA-B6-A0IE-01,BRCA_LumA,STAGE III,M0,N+,T3,65.52256962,1,65.52256962,1,27.4188776,1,27.4188776,1,HER2-,BRCA_LumA,MUT,MUT,WT,WT,WT
TCGA-B6-A0IG-01,BRCA_LumA,STAGE II,M0,N+,T2,146.4970247,1,146.4970247,1,0,0,146.4970247,1,HER2-,BRCA_LumA,WT,WT,WT,MUT,WT
TCGA-B6-A0IH-01,BRCA_LumA,STAGE III,M0,N+,T3,112.3713713,1,112.3713713,0,112.3713713,0,112.3713713,0,HER2-,BRCA_LumA,WT,WT,WT,WT,WT
TCGA-B6-A0IJ-01,BRCA_Basal,STAGE II,M0,N0,T3,233.6193576,0,233.6193576,0,233.6193576,0,233.6193576,0,HER2-,BRCA_Basal,MUT,WT,WT,WT,WT
TCGA-B6-A0IK-01,BRCA_Her2,STAGE III,M0,N+,T4,18.77239702,1,18.77239702,1,16.07653615,1,16.07653615,1,HER2+,BRCA_Her2,MUT,MUT,WT,WT,WT
TCGA-B6-A0IM-01,BRCA_LumA,STAGE II,M0,N0,T3,127.3301115,1,127.3301115,0,127.3301115,0,127.3301115,0,HER2-,BRCA_LumA,WT,WT,WT,WT,WT
TCGA-B6-A0IN-01,BRCA_LumB,STAGE X,MX,NX,T1,84.5908538,1,84.5908538,1,46.42140908,1,46.42140908,1,,BRCA_LumB,WT,WT,WT,WT,WT
TCGA-B6-A0IO-01,BRCA_LumA,STAGE II,M0,N0,T2,165.762567,0,165.762567,0,165.762567,0,165.762567,0,HER2-,BRCA_LumA,WT,WT,WT,WT,WT
TCGA-B6-A0IP-01,BRCA_LumA,STAGE I,M0,N0,T1,129.0725581,1,129.0725581,0,129.0725581,0,129.0725581,0,HER2-,BRCA_LumA,WT,MUT,WT,WT,WT
TCGA-B6-A0IQ-01,BRCA_Basal,STAGE III,M0,N+,T3,140.8751685,0,140.8751685,0,140.8751685,0,140.8751685,0,HER2-,BRCA_Basal,MUT,WT,WT,WT,WT
TCGA-B6-A0RE-01,BRCA_Basal,STAGE X,M0,N0,TX,255.6793898,0,255.6793898,0,255.6793898,0,255.6793898,0,HER2-,BRCA_Basal,MUT,WT,WT,WT,WT
TCGA-B6-A0RG-01,BRCA_LumA,STAGE II,M0,N0,T3,68.44856495,0,68.44856495,0,68.44856495,0,68.44856495,0,HER2-,BRCA_LumA,WT,MUT,WT,WT,WT
TCGA-B6-A0RH-01,BRCA_Her2,STAGE II,M0,N0,T2,212.2497288,1,212.2497288,0,71.17730217,1,71.17730217,1,HER2+,BRCA_Her2,MUT,MUT,WT,WT,WT
TCGA-B6-A0RI-01,BRCA_LumA,STAGE III,M0,N+,T4,234.2768846,0,234.2768846,0,36.16398724,1,36.16398724,1,HER2-,BRCA_LumA,WT,WT,WT,WT,WT
TCGA-B6-A0RL-01,BRCA_LumB,STAGE II,M0,N0,T2,81.17171319,1,81.17171319,0,81.17171319,0,81.17171319,0,,BRCA_LumB,WT,WT,WT,WT,WT
TCGA-B6-A0RM-01,BRCA_LumA,STAGE X,MX,NX,TX,78.01558339,1,78.01558339,0,0,0,78.01558339,0,HER2-,BRCA_LumA,WT,WT,WT,WT,WT
TCGA-B6-A0RN-01,BRCA_LumA,STAGE I,M0,N0,T1,263.2738271,0,263.2738271,0,263.2738271,0,263.2738271,0,HER2-,BRCA_LumA,WT,MUT,WT,WT,WT
TCGA-B6-A0RO-01,BRCA_LumA,STAGE III,M0,N+,T4,162.0475392,0,162.0475392,0,162.0475392,0,162.0475392,0,HER2-,BRCA_LumA,WT,MUT,WT,WT,WT
TCGA-B6-A0RP-01,BRCA_LumA,STAGE III,M0,N+,T2,102.7714765,1,102.7714765,1,91.62639314,1,91.62639314,1,HER2-,BRCA_LumA,WT,MUT,WT,WT,WT
TCGA-B6-A0RQ-01,BRCA_Normal,STAGE II,M0,N0,T3,140.2833942,1,140.2833942,0,140.2833942,0,140.2833942,0,,,WT,MUT,WT,WT,WT
TCGA-B6-A0RS-01,BRCA_Her2,STAGE II,M0,N0,T2,100.7002663,1,100.7002663,1,67.10063451,1,67.10063451,1,HER2+,BRCA_Her2,MUT,WT,WT,WT,WT
TCGA-B6-A0RT-01,BRCA_Basal,STAGE III,M0,N+,T3,89.4565539,0,89.4565539,0,0,0,89.4565539,0,HER2-,BRCA_Basal,WT,WT,WT,WT,WT
TCGA-B6-A0RU-01,BRCA_Basal,STAGE I,M0,N0,T1,282.9010093,0,282.9010093,0,101.1276589,1,101.1276589,1,HER2-,BRCA_Basal,MUT,WT,WT,WT,WT
TCGA-B6-A0RV-01,BRCA_LumA,STAGE III,M0,N+,T3,169.5104711,0,169.5104711,0,169.5104711,0,169.5104711,0,HER2-,BRCA_LumA,WT,WT,WT,WT,WT
TCGA-B6-A0WS-01,BRCA_LumA,STAGE X,MX,NX,T1,97.4783838,1,97.4783838,0,0,0,97.4783838,0,HER2-,BRCA_LumA,WT,WT,WT,WT,WT
TCGA-B6-A0WT-01,BRCA_LumA,STAGE II,M0,N+,T2,188.6773844,0,188.6773844,0,126.9684716,1,126.9684716,1,HER2-,BRCA_LumA,WT,WT,WT,WT,WT
TCGA-B6-A0WV-01,BRCA_LumB,STAGE II,M0,N+,T2,79.46214288,1,79.46214288,0,79.46214288,0,79.46214288,0,,BRCA_LumB,WT,WT,WT,WT,WT
TCGA-B6-A0WW-01,BRCA_LumB,STAGE X,MX,N+,T2,18.34500444,1,18.34500444,1,14.69572936,1,14.69572936,1,,BRCA_LumB,WT,MUT,WT,WT,WT
TCGA-B6-A0WX-01,BRCA_Basal,STAGE III,M0,N+,T3,21.00798895,1,21.00798895,1,18.5093862,1,18.5093862,1,HER2-,BRCA_Basal,MUT,WT,WT,WT,WT
TCGA-B6-A0WY-01,BRCA_LumA,STAGE III,M0,N+,T3,113.7850544,1,113.7850544,1,66.11434395,1,66.11434395,1,HER2-,BRCA_LumA,WT,MUT,WT,WT,WT
TCGA-B6-A0WZ-01,BRCA_LumA,STAGE II,M0,N+,T2,206.858007,0,206.858007,0,206.858007,0,168.2282934,1,HER2-,BRCA_LumA,WT,WT,WT,WT,WT
TCGA-B6-A0X0-01,BRCA_LumA,STAGE I,M0,N0,T1,129.6972088,1,129.6972088,0,129.6972088,0,129.6972088,0,HER2-,BRCA_LumA,WT,MUT,WT,WT,WT
TCGA-B6-A0X1-01,BRCA_Basal,STAGE II,M1,N+,T2,245.0932045,1,245.0932045,0,16.1094125,1,16.1094125,1,HER2-,BRCA_Basal,MUT,WT,WT,WT,MUT
TCGA-B6-A0X4-01,BRCA_LumA,STAGE II,M0,N+,T2,28.27366275,1,28.27366275,1,23.53946806,1,23.53946806,1,HER2-,BRCA_LumA,WT,WT,WT,WT,WT
TCGA-B6-A0X5-01,BRCA_LumB,STAGE II,M0,N+,T2,68.94171023,1,68.94171023,1,44.15294079,1,44.15294079,1,,BRCA_LumB,WT,MUT,WT,WT,WT
TCGA-B6-A0X7-01,BRCA_LumA,STAGE X,MX,NX,T1,58.55278298,1,58.55278298,0,0,0,36.29549265,1,HER2-,BRCA_LumA,WT,MUT,WT,WT,WT
TCGA-B6-A1KC-01,BRCA_LumB,STAGE II,M0,N+,T2,43.59404281,0,43.59404281,0,43.59404281,0,43.59404281,0,,BRCA_LumB,WT,WT,WT,WT,WT
TCGA-B6-A1KF-01,BRCA_Basal,STAGE II,M0,N+,T2,101.5221751,0,101.5221751,0,101.5221751,0,101.5221751,0,HER2-,BRCA_Basal,MUT,WT,WT,WT,WT
TCGA-B6-A1KI-01,BRCA_LumA,STAGE I,M0,N0,T1,73.51152316,0,73.51152316,0,73.51152316,0,73.51152316,0,HER2-,BRCA_LumA,WT,MUT,WT,WT,WT
TCGA-B6-A1KN-01,BRCA_LumB,STAGE III,M0,N+,T4,139.1655982,0,139.1655982,0,139.1655982,0,139.1655982,0,,BRCA_LumB,MUT,WT,WT,WT,WT
TCGA-B6-A2IU-01,BRCA_LumA,STAGE II,M0,N0,T2,170.1679982,0,170.1679982,0,170.1679982,0,138.869711,1,HER2-,BRCA_LumA,WT,WT,WT,WT,WT
TCGA-B6-A3ZX-01,NA,STAGE IV,M1,N+,T3,37.87355755,1,37.87355755,1,0,0,32.67909393,1,,,WT,WT,WT,WT,WT
TCGA-B6-A400-01,NA,STAGE III,M0,N+,T2,7.068415689,0,7.068415689,0,7.068415689,0,7.068415689,0,,,WT,WT,WT,WT,WT
TCGA-B6-A401-01,BRCA_LumA,STAGE II,M0,N+,T1,85.3470099,0,85.3470099,0,85.3470099,0,85.3470099,0,HER2-,BRCA_LumA,MUT,MUT,WT,WT,WT
TCGA-B6-A402-01,NA,STAGE I,M0,N0,T1,74.990959,0,74.990959,0,49.84054969,1,49.84054969,1,,,WT,WT,WT,WT,WT
TCGA-B6-A408-01,NA,STAGE III,M0,N+,T2,68.11980143,0,68.11980143,0,68.11980143,0,68.11980143,0,,,WT,WT,WT,WT,WT
TCGA-B6-A409-01,BRCA_Basal,STAGE III,M0,N+,T1,18.83814972,1,18.83814972,1,14.99161653,1,14.99161653,1,HER2-,BRCA_Basal,MUT,WT,WT,WT,WT
TCGA-B6-A40B-01,BRCA_LumA,STAGE I,M0,N0,T1,103.6262616,0,103.6262616,0,103.6262616,0,103.6262616,0,HER2-,BRCA_LumA,WT,MUT,WT,WT,WT
TCGA-B6-A40C-01,BRCA_LumA,STAGE II,M0,N0,T3,71.14442582,0,71.14442582,0,71.14442582,0,71.14442582,0,HER2-,BRCA_LumA,WT,WT,WT,WT,WT
TCGA-BH-A0AU-01,BRCA_LumB,STAGE II,M0,N0,T2,62.92533781,0,62.92533781,0,62.92533781,0,62.92533781,0,,BRCA_LumB,WT,WT,WT,WT,WT
TCGA-BH-A0AV-01,BRCA_Basal,STAGE I,M0,N0,T1,59.83496071,0,59.83496071,0,59.83496071,0,59.83496071,0,HER2-,BRCA_Basal,MUT,WT,WT,WT,WT
TCGA-BH-A0AW-01,BRCA_Her2,STAGE II,M0,N+,T1,20.44909097,0,20.44909097,0,20.44909097,0,20.44909097,0,HER2+,BRCA_Her2,MUT,WT,WT,WT,WT
TCGA-BH-A0AY-01,BRCA_LumA,STAGE II,M0,N0,T2,25.54492554,0,25.54492554,0,25.54492554,0,25.54492554,0,HER2-,BRCA_LumA,WT,WT,WT,WT,WT
TCGA-BH-A0AZ-01,BRCA_LumA,STAGE III,M0,N+,T3,63.08971957,0,63.08971957,0,63.08971957,0,63.08971957,0,HER2-,BRCA_LumA,WT,WT,WT,WT,WT
TCGA-BH-A0B0-01,BRCA_LumA,STAGE I,M0,N0,T1,81.434724,0,81.434724,0,81.434724,0,81.434724,0,HER2-,BRCA_LumA,MUT,MUT,WT,WT,WT
TCGA-BH-A0B1-01,NA,STAGE II,M0,N+,T2,37.74205214,0,37.74205214,0,37.74205214,0,37.74205214,0,,,WT,WT,WT,WT,WT
TCGA-BH-A0B2-01,NA,STAGE I,M0,N0,T1,40.81498521,0,0,0,0,0,0,0,,,WT,WT,WT,WT,WT
TCGA-BH-A0B3-01,BRCA_Basal,STAGE II,M0,N+,T2,39.5502515,0,39.5502515,0,39.5502515,0,39.5502515,0,HER2-,BRCA_Basal,MUT,WT,WT,WT,WT
TCGA-BH-A0B4-01,NA,STAGE III,M0,N+,T2,39.15573528,0,39.15573528,0,39.15573528,0,39.15573528,0,,,WT,WT,WT,WT,WT
TCGA-BH-A0B5-01,BRCA_LumA,STAGE III,M0,N+,T2,70.22388796,0,70.22388796,0,0,0,70.22388796,0,HER2-,BRCA_LumA,WT,MUT,WT,WT,WT
TCGA-BH-A0B7-01,BRCA_Her2,STAGE II,M0,N+,T2,84.13058487,0,84.13058487,0,84.13058487,0,84.13058487,0,HER2+,BRCA_Her2,MUT,WT,WT,WT,WT
TCGA-BH-A0B8-01,NA,STAGE I,M0,N0,T1,51.58299635,0,51.58299635,0,51.58299635,0,51.58299635,0,,,WT,WT,WT,WT,WT
TCGA-BH-A0B9-01,BRCA_Basal,STAGE I,M0,N0,T1,51.68162541,0,51.68162541,0,51.68162541,0,51.68162541,0,HER2-,BRCA_Basal,MUT,WT,WT,WT,WT
TCGA-BH-A0BA-01,BRCA_LumA,STAGE III,M0,N+,T3,37.21603051,0,37.21603051,0,37.21603051,0,37.21603051,0,HER2-,BRCA_LumA,WT,MUT,WT,WT,WT
TCGA-BH-A0BC-01,BRCA_LumA,STAGE III,M0,N+,T2,32.02156689,0,32.02156689,0,32.02156689,0,32.02156689,0,HER2-,BRCA_LumA,MUT,MUT,WT,WT,WT
TCGA-BH-A0BD-01,BRCA_LumB,STAGE II,M0,N+,T1,18.21349903,0,18.21349903,0,18.21349903,0,18.21349903,0,,BRCA_LumB,WT,MUT,WT,WT,WT
TCGA-BH-A0BF-01,BRCA_LumB,STAGE II,M0,N+,T2,43.5282901,1,43.5282901,0,43.5282901,0,43.5282901,0,,BRCA_LumB,MUT,MUT,WT,WT,WT
TCGA-BH-A0BG-01,BRCA_Basal,STAGE I,M0,N0,T1,61.51165467,0,61.51165467,0,61.51165467,0,61.51165467,0,HER2-,BRCA_Basal,MUT,WT,WT,WT,WT
TCGA-BH-A0BJ-01,BRCA_LumA,STAGE II,M0,N+,T2,21.69839235,0,21.69839235,0,21.69839235,0,21.69839235,0,HER2-,BRCA_LumA,WT,MUT,WT,WT,WT
TCGA-BH-A0BL-01,BRCA_Basal,STAGE I,M0,N0,T1,74.89232995,0,74.89232995,0,74.89232995,0,74.89232995,0,HER2-,BRCA_Basal,MUT,WT,WT,WT,WT
TCGA-BH-A0BM-01,BRCA_LumA,STAGE II,M0,N+,T2,61.67603643,0,61.67603643,0,61.67603643,0,61.67603643,0,HER2-,BRCA_LumA,WT,MUT,WT,WT,WT
TCGA-BH-A0BO-01,BRCA_LumA,STAGE I,M0,N0,T1,72.22934543,0,72.22934543,0,72.22934543,0,72.22934543,0,HER2-,BRCA_LumA,WT,MUT,WT,WT,WT
TCGA-BH-A0BP-01,BRCA_LumA,STAGE I,M0,N0,T1,75.48410428,1,75.48410428,0,75.48410428,0,75.48410428,0,HER2-,BRCA_LumA,MUT,WT,WT,WT,WT
TCGA-BH-A0BQ-01,BRCA_LumA,STAGE I,M0,N0,T1,74.13617385,0,74.13617385,0,56.18568564,1,56.18568564,1,HER2-,BRCA_LumA,WT,MUT,WT,WT,WT
TCGA-BH-A0BR-01,BRCA_LumA,STAGE I,M0,N0,T1,76.60190025,0,76.60190025,0,76.60190025,0,76.60190025,0,HER2-,BRCA_LumA,MUT,WT,WT,WT,WT
TCGA-BH-A0BS-01,BRCA_LumA,STAGE III,M0,N+,T3,85.87303153,0,85.87303153,0,85.87303153,0,85.87303153,0,HER2-,BRCA_LumA,WT,WT,WT,WT,WT
TCGA-BH-A0BT-01,BRCA_LumA,STAGE II,M0,N+,T1,77.75257258,0,77.75257258,0,77.75257258,0,77.75257258,0,HER2-,BRCA_LumA,MUT,MUT,WT,WT,WT
TCGA-BH-A0BV-01,BRCA_LumA,STAGE II,M0,N+,T2,49.93917875,0,49.93917875,0,49.93917875,0,49.93917875,0,HER2-,BRCA_LumA,WT,MUT,WT,WT,WT
TCGA-BH-A0BW-01,BRCA_Basal,STAGE I,M0,N0,T1,77.94983069,0,77.94983069,0,77.94983069,0,77.94983069,0,HER2-,BRCA_Basal,MUT,WT,WT,MUT,WT
TCGA-BH-A0BZ-01,BRCA_LumB,STAGE III,M0,N+,T3,74.13617385,0,74.13617385,0,74.13617385,0,74.13617385,0,,BRCA_LumB,WT,WT,WT,WT,WT
TCGA-BH-A0C0-01,BRCA_LumB,STAGE II,M0,N+,T1,41.75296709,0,41.75296709,0,41.75296709,0,41.75296709,0,,BRCA_LumB,MUT,WT,WT,WT,WT
TCGA-BH-A0C1-01,BRCA_LumA,STAGE III,M0,N+,T3,46.38853273,1,46.38853273,1,36.92014334,1,36.92014334,1,HER2-,BRCA_LumA,WT,WT,MUT,WT,WT
TCGA-BH-A0C3-01,BRCA_LumB,STAGE I,M0,N0,T1,89.06203768,0,89.06203768,0,87.91136536,1,87.91136536,1,,BRCA_LumB,MUT,WT,WT,WT,WT
TCGA-BH-A0C7-01,BRCA_LumB,STAGE II,M0,N+,T2,90.9688661,0,90.9688661,0,90.9688661,0,90.9688661,0,,BRCA_LumB,WT,WT,WT,MUT,WT
TCGA-BH-A0DD-01,NA,STAGE II,M0,N+,T2,81.73061117,0,81.73061117,0,81.73061117,0,81.73061117,0,,,WT,WT,WT,WT,WT
TCGA-BH-A0DE-01,BRCA_LumA,STAGE II,M0,N0,T2,77.98270704,0,77.98270704,0,77.98270704,0,77.98270704,0,HER2-,BRCA_LumA,WT,MUT,WT,WT,WT
TCGA-BH-A0DG-01,BRCA_LumA,STAGE II,M0,N0,T2,67.10063451,0,67.10063451,0,67.10063451,0,67.10063451,0,HER2-,BRCA_LumA,WT,WT,WT,WT,WT
TCGA-BH-A0DH-01,BRCA_LumA,STAGE II,M0,N+,T2,38.00506296,0,38.00506296,0,38.00506296,0,38.00506296,0,HER2-,BRCA_LumA,WT,WT,WT,WT,WT
TCGA-BH-A0DI-01,BRCA_LumA,STAGE II,M0,N+,T2,29.98323306,0,29.98323306,0,29.98323306,0,29.98323306,0,HER2-,BRCA_LumA,MUT,WT,WT,WT,WT
TCGA-BH-A0DK-01,BRCA_LumA,STAGE II,M0,N0,T2,13.90669691,0,13.90669691,0,13.90669691,0,13.90669691,0,HER2-,BRCA_LumA,WT,MUT,WT,WT,WT
TCGA-BH-A0DL-01,BRCA_Basal,STAGE II,M0,N0,T2,78.27859421,0,78.27859421,0,78.27859421,0,78.27859421,0,HER2-,BRCA_Basal,MUT,MUT,WT,WT,WT
TCGA-BH-A0DO-01,BRCA_LumA,STAGE I,M0,N0,T1,54.04872275,0,54.04872275,0,54.04872275,0,54.04872275,0,HER2-,BRCA_LumA,WT,MUT,WT,WT,WT
TCGA-BH-A0DP-01,BRCA_LumA,STAGE II,M0,N0,T3,15.64914357,0,15.64914357,0,15.64914357,0,15.64914357,0,HER2-,BRCA_LumA,WT,MUT,WT,WT,WT
TCGA-BH-A0DQ-01,BRCA_LumA,STAGE II,M0,N+,T2,3.2218825,0,3.2218825,0,3.2218825,0,3.2218825,0,HER2-,BRCA_LumA,WT,WT,WT,WT,WT
TCGA-BH-A0DS-01,BRCA_LumA,STAGE III,M0,N+,T2,2.564355459,0,2.564355459,0,2.564355459,0,2.564355459,0,HER2-,BRCA_LumA,WT,WT,WT,WT,MUT
TCGA-BH-A0DT-01,BRCA_LumA,STAGE II,M0,N+,T1,79.00187395,0,79.00187395,0,79.00187395,0,79.00187395,0,HER2-,BRCA_LumA,WT,MUT,WT,WT,WT
TCGA-BH-A0DV-01,BRCA_LumA,STAGE III,M0,N+,T2,67.85679061,0,67.85679061,0,67.85679061,0,67.85679061,0,HER2-,BRCA_LumA,WT,MUT,WT,WT,WT
TCGA-BH-A0DX-01,BRCA_LumA,STAGE I,M0,N0,T1,70.881415,0,70.881415,0,70.881415,0,70.881415,0,HER2-,BRCA_LumA,WT,MUT,WT,WT,WT
TCGA-BH-A0DZ-01,BRCA_LumA,STAGE II,M0,N+,T2,16.27379426,0,16.27379426,0,16.27379426,0,16.27379426,0,HER2-,BRCA_LumA,MUT,WT,MUT,WT,WT
TCGA-BH-A0E0-01,BRCA_Basal,STAGE III,M0,N+,T3,4.405431173,0,4.405431173,0,4.405431173,0,4.405431173,0,HER2-,BRCA_Basal,MUT,WT,WT,WT,WT
TCGA-BH-A0E1-01,BRCA_LumA,STAGE II,M0,N+,T2,15.68201992,0,15.68201992,0,15.68201992,0,15.68201992,0,HER2-,BRCA_LumA,WT,WT,WT,WT,WT
TCGA-BH-A0E2-01,BRCA_LumA,STAGE III,M0,N+,T2,14.30121314,0,14.30121314,0,14.30121314,0,14.30121314,0,HER2-,BRCA_LumA,WT,WT,WT,WT,WT
TCGA-BH-A0E6-01,BRCA_Basal,STAGE I,M0,N0,T1,9.632771148,0,9.632771148,0,9.632771148,0,9.632771148,0,HER2-,BRCA_Basal,MUT,WT,WT,WT,WT
TCGA-BH-A0E7-01,BRCA_LumA,STAGE II,M0,N+,T2,44.81046783,0,44.81046783,0,44.81046783,0,44.81046783,0,HER2-,BRCA_LumA,WT,WT,WT,WT,WT
TCGA-BH-A0E9-01,BRCA_LumA,STAGE II,M0,N+,T2,81.82924023,0,81.82924023,0,81.82924023,0,81.82924023,0,HER2-,BRCA_LumA,WT,WT,WT,WT,WT
TCGA-BH-A0EA-01,BRCA_LumA,STAGE II,M0,N+,T1,32.58046487,1,32.58046487,0,32.58046487,0,32.58046487,0,HER2-,BRCA_LumA,WT,MUT,WT,WT,WT
TCGA-BH-A0EB-01,BRCA_LumA,STAGE I,M0,N0,T1,24.49288227,0,24.49288227,0,24.49288227,0,24.49288227,0,HER2-,BRCA_LumA,WT,MUT,WT,WT,WT
TCGA-BH-A0EE-01,BRCA_Her2,STAGE II,M0,N0,T3,31.00239997,0,31.00239997,0,31.00239997,0,31.00239997,0,HER2+,BRCA_Her2,MUT,MUT,WT,WT,WT
TCGA-BH-A0EI-01,BRCA_LumA,STAGE II,M0,N+,T1,63.31985403,0,63.31985403,0,63.31985403,0,63.31985403,0,HER2-,BRCA_LumA,WT,WT,WT,WT,WT
TCGA-BH-A0GY-01,BRCA_LumA,STAGE II,M0,N+,T2,30.34487293,0,30.34487293,0,30.34487293,0,30.34487293,0,HER2-,BRCA_LumA,MUT,MUT,WT,WT,WT
TCGA-BH-A0GZ-01,BRCA_LumA,STAGE II,M0,N+,T1,10.78344347,0,10.78344347,0,10.78344347,0,10.78344347,0,HER2-,BRCA_LumA,WT,WT,WT,WT,WT
TCGA-BH-A0H0-01,BRCA_LumB,STAGE I,M0,N0,T1,15.15599829,0,15.15599829,0,15.15599829,0,15.15599829,0,,BRCA_LumB,WT,WT,WT,WT,WT
TCGA-BH-A0H3-01,BRCA_LumA,STAGE I,M0,N0,T1,63.38560673,0,63.38560673,0,63.38560673,0,63.38560673,0,HER2-,BRCA_LumA,WT,MUT,WT,WT,WT
TCGA-BH-A0H5-01,BRCA_LumA,STAGE I,M0,N0,T1,53.25969031,0,53.25969031,0,53.25969031,0,53.25969031,0,HER2-,BRCA_LumA,WT,WT,WT,WT,WT
TCGA-BH-A0H6-01,BRCA_LumA,STAGE I,M0,NX,T1,24.55863497,0,24.55863497,0,24.55863497,0,24.55863497,0,HER2-,BRCA_LumA,WT,WT,WT,WT,WT
TCGA-BH-A0H7-01,BRCA_LumA,STAGE III,M0,N+,T1,23.07919913,0,23.07919913,0,23.07919913,0,23.07919913,0,HER2-,BRCA_LumA,MUT,WT,WT,WT,WT
TCGA-BH-A0H9-01,BRCA_LumA,STAGE II,M0,N0,T2,40.99681099,0,40.99681099,0,40.99681099,0,40.99681099,0,HER2-,BRCA_LumA,WT,MUT,WT,WT,WT
TCGA-BH-A0HA-01,BRCA_LumA,STAGE I,M0,N0,T1,52.96380314,0,52.96380314,0,52.96380314,0,52.96380314,0,HER2-,BRCA_LumA,WT,MUT,WT,WT,WT
TCGA-BH-A0HB-01,BRCA_LumA,STAGE I,M0,N0,T1,26.49833974,0,26.49833974,0,26.49833974,0,26.49833974,0,HER2-,BRCA_LumA,WT,WT,WT,WT,WT
TCGA-BH-A0HF-01,NA,STAGE I,M0,N0,T1,23.90110793,0,23.90110793,0,23.90110793,0,23.90110793,0,,,WT,MUT,MUT,WT,MUT
TCGA-BH-A0HI-01,BRCA_LumA,STAGE I,M0,N0,T1,20.38333827,0,20.38333827,0,20.38333827,0,20.38333827,0,HER2-,BRCA_LumA,WT,MUT,WT,MUT,WT
TCGA-BH-A0HK-01,BRCA_LumA,STAGE II,M0,N+,T2,5.851990663,0,5.851990663,0,5.851990663,0,5.851990663,0,HER2-,BRCA_LumA,WT,WT,WT,WT,WT
TCGA-BH-A0HL-01,NA,STAGE II,M0,N+,T2,2.367097347,0,2.367097347,0,2.367097347,0,2.367097347,0,,,WT,WT,WT,WT,WT
TCGA-BH-A0HN-01,NA,STAGE I,M0,N0,T1,16.96419765,0,16.96419765,0,16.96419765,0,16.96419765,0,,,WT,MUT,WT,WT,WT
TCGA-BH-A0HO-01,BRCA_LumA,STAGE II,M0,N+,T1,2.498602755,0,2.498602755,0,2.498602755,0,2.498602755,0,HER2-,BRCA_LumA,WT,WT,WT,WT,WT
TCGA-BH-A0HP-01,BRCA_LumA,STAGE III,M0,N+,T3,13.61080975,0,13.61080975,0,13.61080975,0,13.61080975,0,HER2-,BRCA_LumA,WT,WT,WT,WT,WT
TCGA-BH-A0HQ-01,BRCA_LumA,STAGE II,M0,N0,T2,36.85439064,0,36.85439064,0,36.85439064,0,36.85439064,0,HER2-,BRCA_LumA,WT,WT,WT,WT,WT
TCGA-BH-A0HU-01,BRCA_LumB,STAGE I,M0,N0,T1,12.88753,0,12.88753,0,12.88753,0,12.88753,0,,BRCA_LumB,WT,MUT,WT,WT,WT
TCGA-BH-A0HW-01,BRCA_LumB,STAGE I,M0,N0,T1,51.31998553,0,51.31998553,0,51.31998553,0,51.31998553,0,,BRCA_LumB,WT,WT,WT,WT,WT
TCGA-BH-A0HX-01,BRCA_LumA,STAGE II,M0,N+,T2,27.25449584,0,27.25449584,0,27.25449584,0,27.25449584,0,HER2-,BRCA_LumA,MUT,WT,WT,WT,WT
TCGA-BH-A0HY-01,BRCA_LumB,STAGE I,M0,N0,T1,50.7939639,0,50.7939639,0,50.7939639,0,50.7939639,0,,BRCA_LumB,MUT,WT,WT,WT,WT
TCGA-BH-A0RX-01,BRCA_Basal,STAGE II,M0,N0,T2,5.588979847,0,5.588979847,0,5.588979847,0,5.588979847,0,HER2-,BRCA_Basal,MUT,WT,WT,WT,WT
TCGA-BH-A0W3-01,BRCA_LumB,STAGE II,M0,N+,T1,23.93398429,0,23.93398429,0,0,0,23.93398429,0,,BRCA_LumB,WT,MUT,WT,WT,WT
TCGA-BH-A0W4-01,BRCA_LumA,STAGE II,M0,N0,T2,24.9531512,0,24.9531512,0,0,0,24.9531512,0,HER2-,BRCA_LumA,WT,WT,WT,WT,WT
TCGA-BH-A0W5-01,BRCA_LumA,STAGE II,M0,N+,T1,42.34474143,0,42.34474143,0,42.34474143,0,42.34474143,0,HER2-,BRCA_LumA,WT,MUT,WT,WT,WT
TCGA-BH-A0W7-01,BRCA_LumA,STAGE I,M0,N0,T1,44.81046783,0,44.81046783,0,44.81046783,0,44.81046783,0,HER2-,BRCA_LumA,WT,MUT,WT,WT,WT
TCGA-BH-A0WA-01,BRCA_Basal,STAGE I,M0,N0,T1,23.04632278,0,23.04632278,0,23.04632278,0,23.04632278,0,HER2-,BRCA_Basal,MUT,WT,WT,WT,MUT
TCGA-BH-A18F-01,BRCA_LumA,STAGE II,M0,N0,T2,32.90922839,0,32.90922839,0,32.90922839,0,32.90922839,0,HER2-,BRCA_LumA,WT,MUT,WT,WT,WT
TCGA-BH-A18G-01,BRCA_Basal,STAGE I,M0,N0,T1,4.898576454,0,4.898576454,0,4.898576454,0,4.898576454,0,HER2-,BRCA_Basal,WT,WT,WT,WT,WT
TCGA-BH-A18H-01,BRCA_LumA,STAGE I,M0,N0,T1,21.43538153,0,21.43538153,0,21.43538153,0,21.43538153,0,HER2-,BRCA_LumA,MUT,MUT,WT,WT,WT
TCGA-BH-A18I-01,BRCA_LumA,STAGE II,M0,N+,T1,35.93385278,0,35.93385278,0,35.93385278,0,35.93385278,0,HER2-,BRCA_LumA,WT,MUT,WT,WT,WT
TCGA-BH-A18J-01,BRCA_LumA,STAGE IV,M1,N+,T4,20.12032745,1,20.12032745,1,0,0,20.12032745,1,HER2-,BRCA_LumA,WT,MUT,WT,WT,WT
TCGA-BH-A18K-01,BRCA_LumA,STAGE I,M0,N0,T1,90.83736069,1,90.83736069,1,0,0,90.83736069,1,HER2-,BRCA_LumA,WT,WT,WT,WT,WT
TCGA-BH-A18L-01,BRCA_LumB,STAGE III,M0,N+,T3,26.6627215,1,26.6627215,0,26.6627215,0,26.6627215,0,,BRCA_LumB,WT,WT,WT,WT,WT
TCGA-BH-A18M-01,BRCA_LumA,STAGE III,M0,N+,T3,72.55810895,1,72.55810895,0,72.55810895,0,72.55810895,0,HER2-,BRCA_LumA,WT,WT,WT,WT,WT
TCGA-BH-A18N-01,BRCA_LumA,STAGE II,M0,N+,T2,37.74205214,1,37.74205214,0,37.74205214,0,37.74205214,0,HER2-,BRCA_LumA,WT,WT,WT,WT,WT
TCGA-BH-A18P-01,BRCA_Her2,STAGE I,M0,N0,T1,30.27912023,1,30.27912023,1,0,0,30.27912023,1,HER2+,BRCA_Her2,WT,WT,MUT,MUT,WT
TCGA-BH-A18Q-01,BRCA_Basal,STAGE II,M0,N+,T2,55.62678765,1,55.62678765,0,55.62678765,0,55.62678765,0,HER2-,BRCA_Basal,MUT,WT,WT,WT,WT
TCGA-BH-A18R-01,BRCA_Her2,STAGE II,M0,N+,T2,37.54479403,1,37.54479403,0,37.54479403,0,37.54479403,0,HER2+,BRCA_Her2,WT,WT,WT,WT,WT
TCGA-BH-A18S-01,BRCA_LumA,STAGE I,M0,N0,T1,66.04859125,1,66.04859125,0,66.04859125,0,66.04859125,0,HER2-,BRCA_LumA,WT,WT,WT,WT,WT
TCGA-BH-A18T-01,BRCA_Basal,STAGE II,M0,N0,T2,7.364302857,1,7.364302857,1,0,0,7.364302857,1,HER2-,BRCA_Basal,MUT,WT,WT,WT,WT
TCGA-BH-A18U-01,BRCA_LumB,STAGE III,M0,N+,T2,51.38573824,1,51.38573824,0,51.38573824,0,51.38573824,0,,BRCA_LumB,MUT,WT,WT,WT,WT
TCGA-BH-A18V-01,BRCA_Basal,STAGE II,M0,N+,T2,51.15560377,1,51.15560377,0,51.15560377,0,51.15560377,0,HER2-,BRCA_Basal,MUT,WT,WT,WT,WT
TCGA-BH-A1EN-01,BRCA_Her2,STAGE II,M0,NX,T2,69.92800079,1,69.92800079,0,69.92800079,0,69.92800079,0,HER2+,BRCA_Her2,WT,WT,WT,WT,WT
TCGA-BH-A1EO-01,BRCA_LumA,STAGE II,M0,N+,T1,91.98803301,1,91.98803301,0,0,0,91.98803301,0,HER2-,BRCA_LumA,WT,WT,WT,WT,WT
TCGA-BH-A1ES-01,NA,STAGE II,M0,N+,T2,113.8179308,1,113.8179308,1,0,0,113.8179308,1,,,WT,WT,WT,WT,WT
TCGA-BH-A1ET-01,BRCA_LumA,STAGE I,M0,N0,T1,82.84840714,1,82.84840714,0,0,0,82.84840714,0,HER2-,BRCA_LumA,WT,MUT,WT,WT,WT
TCGA-BH-A1EU-01,BRCA_LumA,STAGE I,M0,N0,T1,42.27898872,1,42.27898872,0,0,0,42.27898872,0,HER2-,BRCA_LumA,WT,MUT,WT,WT,WT
TCGA-BH-A1EV-01,BRCA_Her2,STAGE III,M0,N+,T3,11.9998685,1,11.9998685,1,0,0,11.9998685,1,HER2+,BRCA_Her2,WT,WT,WT,WT,WT
TCGA-BH-A1EW-01,BRCA_LumA,STAGE II,M0,N+,T2,55.69254036,1,55.69254036,1,0,0,55.69254036,1,HER2-,BRCA_LumA,WT,WT,WT,WT,WT
TCGA-BH-A1EX-01,BRCA_LumA,STAGE II,M0,N+,T2,49.57753888,1,49.57753888,1,0,0,49.57753888,1,HER2-,BRCA_LumA,WT,WT,WT,WT,WT
TCGA-BH-A1EY-01,BRCA_LumA,STAGE II,M0,N0,T2,17.6874774,1,17.6874774,1,0,0,13.01903541,1,HER2-,BRCA_LumA,MUT,MUT,WT,WT,WT
TCGA-BH-A1F0-01,BRCA_Basal,STAGE II,M0,N+,T1,25.80793635,1,25.80793635,1,0,0,25.80793635,1,HER2-,BRCA_Basal,MUT,WT,WT,WT,WT
TCGA-BH-A1F2-01,BRCA_LumB,STAGE III,M0,N+,T4,31.52842161,1,31.52842161,0,0,0,31.52842161,0,,BRCA_LumB,MUT,WT,WT,WT,WT
TCGA-BH-A1F5-01,NA,STAGE II,M0,N+,T1,89.16066673,1,89.16066673,0,0,0,89.16066673,0,,,WT,WT,WT,WT,WT
TCGA-BH-A1F6-01,BRCA_Basal,0,MX,N+,T4,97.4783838,1,97.4783838,0,0,0,97.4783838,0,HER2-,BRCA_Basal,MUT,WT,WT,WT,WT
TCGA-BH-A1F8-01,BRCA_LumB,STAGE III,M0,N+,T4,25.08465661,1,25.08465661,1,0,0,25.08465661,1,,BRCA_LumB,WT,MUT,WT,WT,WT
TCGA-BH-A1FB-01,NA,STAGE II,M0,N+,T2,120.6233356,1,120.6233356,1,0,0,120.6233356,1,,,WT,WT,WT,WT,WT
TCGA-BH-A1FC-01,BRCA_Basal,STAGE II,M0,N+,T1,114.1466943,1,114.1466943,0,0,0,114.1466943,0,HER2-,BRCA_Basal,MUT,WT,WT,WT,WT
TCGA-BH-A1FD-01,BRCA_LumB,STAGE I,M0,N0,T1,33.17223921,1,33.17223921,1,0,0,33.17223921,1,,BRCA_LumB,MUT,WT,WT,WT,WT
TCGA-BH-A1FE-01,BRCA_LumA,STAGE II,M0,N+,T2,74.72794819,1,74.72794819,1,0,0,74.72794819,1,HER2-,BRCA_LumA,MUT,MUT,MUT,WT,WT
TCGA-BH-A1FG-01,BRCA_LumA,STAGE I,M0,NX,T1,122.8260512,1,122.8260512,0,0,0,122.8260512,0,HER2-,BRCA_LumA,WT,WT,WT,WT,WT
TCGA-BH-A1FH-01,BRCA_LumA,STAGE IV,M1,N+,T2,33.99414801,1,33.99414801,1,0,0,33.99414801,1,HER2-,BRCA_LumA,WT,WT,WT,WT,WT
TCGA-BH-A1FJ-01,BRCA_LumB,STAGE III,M0,N+,T3,63.35273038,1,63.35273038,0,0,0,63.35273038,0,,BRCA_LumB,WT,WT,WT,WT,WT
TCGA-BH-A1FL-01,BRCA_LumA,STAGE II,M0,N+,T2,55.00213696,1,55.00213696,1,0,0,55.00213696,1,HER2-,BRCA_LumA,WT,WT,WT,WT,WT
TCGA-BH-A1FM-01,BRCA_LumB,STAGE III,M0,N+,T2,45.63237663,1,45.63237663,0,0,0,45.63237663,0,,BRCA_LumB,WT,WT,WT,WT,WT
TCGA-BH-A1FN-01,BRCA_LumB,STAGE II,M0,N0,T2,72.06496367,1,72.06496367,1,0,0,72.06496367,1,,BRCA_LumB,MUT,WT,WT,MUT,WT
TCGA-BH-A1FR-01,BRCA_LumA,STAGE III,M0,N+,T4,53.98297005,1,53.98297005,1,0,0,53.98297005,1,HER2-,BRCA_LumA,WT,WT,WT,WT,WT
TCGA-BH-A1FU-01,BRCA_Normal,STAGE I,M0,N0,T1,55.49528224,1,55.49528224,1,0,0,55.49528224,1,,,MUT,WT,MUT,WT,WT
TCGA-BH-A201-01,BRCA_LumA,STAGE I,M0,N0,T1,28.14215735,0,28.14215735,0,0,0,28.14215735,0,HER2-,BRCA_LumA,WT,MUT,WT,WT,WT
TCGA-BH-A202-01,BRCA_LumB,STAGE II,M0,N0,T2,26.13669987,0,26.13669987,0,0,0,26.13669987,0,,BRCA_LumB,MUT,MUT,WT,MUT,WT
TCGA-BH-A203-01,BRCA_Her2,STAGE II,M0,N+,T2,38.5968373,1,38.5968373,1,0,0,38.5968373,1,HER2+,BRCA_Her2,MUT,MUT,WT,WT,WT
TCGA-BH-A204-01,BRCA_LumB,STAGE II,M0,N+,T2,83.30867607,1,83.30867607,0,0,0,83.30867607,0,,BRCA_LumB,WT,WT,WT,WT,WT
TCGA-BH-A208-01,BRCA_Normal,STAGE II,M0,N+,T2,57.82950324,1,57.82950324,0,0,0,57.82950324,0,,,MUT,MUT,WT,WT,WT
TCGA-BH-A209-01,BRCA_LumB,STAGE I,M0,N0,T1,130.1574777,1,130.1574777,0,0,0,130.1574777,0,,BRCA_LumB,WT,WT,WT,WT,WT
TCGA-BH-A28O-01,NA,STAGE III,M0,N+,T3,36.82151429,0,36.82151429,0,36.82151429,0,36.82151429,0,,,#N/A,#N/A,#N/A,#N/A,#N/A
TCGA-BH-A28Q-01,BRCA_LumA,STAGE II,M0,N+,T2,36.78863793,0,36.78863793,0,0,0,36.78863793,0,HER2-,BRCA_LumA,WT,WT,WT,WT,WT
TCGA-BH-A2L8-01,BRCA_LumA,STAGE II,M0,N0,T2,20.12032745,0,20.12032745,0,20.12032745,0,20.12032745,0,HER2-,BRCA_LumA,WT,MUT,WT,WT,MUT
TCGA-BH-A42T-01,NA,STAGE II,M0,N0,T2,10.52043265,1,10.52043265,0,10.52043265,0,10.52043265,0,,,#N/A,#N/A,#N/A,#N/A,#N/A
TCGA-BH-A42U-01,BRCA_Normal,STAGE II,M0,N0,T2,110.5960483,0,110.5960483,0,110.5960483,0,110.5960483,0,,,WT,WT,WT,WT,WT
TCGA-BH-A42V-01,BRCA_LumA,STAGE I,M0,N+,T1,20.87648355,0,20.87648355,0,20.87648355,0,20.87648355,0,HER2-,BRCA_LumA,WT,MUT,WT,WT,WT
TCGA-BH-A5IZ-01,BRCA_Basal,STAGE II,M0,N+,T2,18.64089161,0,18.64089161,0,18.64089161,0,18.64089161,0,HER2-,BRCA_Basal,MUT,WT,WT,WT,WT
TCGA-BH-A5J0-01,BRCA_LumA,STAGE I,M0,N0,T1,23.50659171,0,23.50659171,0,23.50659171,0,23.50659171,0,HER2-,BRCA_LumA,MUT,MUT,WT,WT,WT
TCGA-BH-A6R8-01,BRCA_LumA,STAGE II,M0,N0,T2,9.632771148,0,9.632771148,0,9.632771148,0,9.632771148,0,HER2-,BRCA_LumA,WT,WT,WT,WT,WT
TCGA-BH-A6R9-01,BRCA_Normal,STAGE II,M0,N0,T2,5.260216326,0,5.260216326,0,5.260216326,0,5.260216326,0,,,WT,WT,WT,WT,WT
TCGA-BH-A8FY-01,BRCA_LumA,STAGE I,M0,N0,T1,9.698523852,1,9.698523852,0,9.698523852,0,9.698523852,0,HER2-,BRCA_LumA,WT,MUT,WT,WT,WT
TCGA-BH-A8FZ-01,BRCA_Normal,STAGE I,M0,N0,T1,18.87102607,0,18.87102607,0,18.87102607,0,18.87102607,0,,,WT,WT,WT,WT,WT
TCGA-BH-A8G0-01,BRCA_LumA,STAGE II,M0,N+,T2,21.76414505,0,21.76414505,0,21.76414505,0,21.76414505,0,HER2-,BRCA_LumA,WT,WT,WT,WT,WT
TCGA-BH-AB28-01,BRCA_LumA,STAGE III,M0,N+,T3,9.435513036,0,9.435513036,0,9.435513036,0,9.435513036,0,HER2-,BRCA_LumA,WT,WT,WT,WT,WT
TCGA-C8-A12K-01,BRCA_Basal,STAGE II,M0,N+,T2,0,0,0,0,0,0,0,0,HER2-,BRCA_Basal,MUT,WT,WT,WT,WT
TCGA-C8-A12L-01,BRCA_Her2,STAGE II,M0,N0,T2,11.93411579,0,11.93411579,0,11.93411579,0,11.93411579,0,HER2+,BRCA_Her2,MUT,MUT,WT,WT,WT
TCGA-C8-A12M-01,BRCA_LumB,STAGE II,M0,N0,T2,11.76973403,0,11.76973403,0,11.76973403,0,11.76973403,0,,BRCA_LumB,WT,WT,WT,WT,WT
TCGA-C8-A12N-01,BRCA_LumA,STAGE II,M0,N0,T2,11.76973403,0,11.76973403,0,11.76973403,0,11.76973403,0,HER2-,BRCA_LumA,WT,MUT,WT,WT,WT
TCGA-C8-A12O-01,BRCA_LumA,STAGE II,M0,N0,T2,12.65739554,0,12.65739554,0,12.65739554,0,12.65739554,0,HER2-,BRCA_LumA,MUT,WT,WT,WT,WT
TCGA-C8-A12P-01,BRCA_Her2,STAGE II,M0,N+,T2,11.76973403,0,11.76973403,0,11.76973403,0,11.76973403,0,HER2+,BRCA_Her2,MUT,WT,WT,WT,WT
TCGA-C8-A12Q-01,BRCA_Her2,STAGE III,M0,N+,T1,12.65739554,1,12.65739554,1,0,0,12.65739554,1,HER2+,BRCA_Her2,MUT,WT,WT,WT,WT
TCGA-C8-A12T-01,BRCA_Her2,STAGE II,M0,N0,T2,0,0,0,0,0,0,0,0,HER2+,BRCA_Her2,WT,MUT,WT,WT,MUT
TCGA-C8-A12U-01,BRCA_LumB,STAGE II,M0,N+,T2,12.65739554,0,12.65739554,0,12.65739554,0,12.65739554,0,,BRCA_LumB,WT,MUT,WT,WT,WT
TCGA-C8-A12V-01,BRCA_Basal,STAGE II,M0,N0,T2,12.65739554,0,12.65739554,0,0,0,12.65739554,0,HER2-,BRCA_Basal,MUT,WT,WT,WT,WT
TCGA-C8-A12W-01,BRCA_LumB,STAGE III,M0,N+,T4,12.65739554,0,12.65739554,0,12.65739554,0,12.65739554,0,,BRCA_LumB,MUT,WT,WT,WT,WT
TCGA-C8-A12X-01,BRCA_LumA,STAGE II,M0,N+,T2,12.65739554,0,12.65739554,0,12.65739554,0,12.65739554,0,HER2-,BRCA_LumA,WT,WT,WT,WT,WT
TCGA-C8-A12Y-01,BRCA_LumA,STAGE II,M0,N+,T2,48.52549561,0,48.52549561,0,48.52549561,0,48.52549561,0,HER2-,BRCA_LumA,WT,MUT,WT,WT,WT
TCGA-C8-A12Z-01,BRCA_Her2,STAGE II,M0,N+,T2,12.55876648,0,12.55876648,0,12.55876648,0,12.55876648,0,HER2+,BRCA_Her2,MUT,WT,WT,WT,WT
TCGA-C8-A130-01,BRCA_LumB,STAGE III,M0,N+,T3,12.16425026,0,12.16425026,0,12.16425026,0,12.16425026,0,,BRCA_LumB,MUT,MUT,WT,WT,WT
TCGA-C8-A131-01,BRCA_Basal,STAGE III,M0,N+,T2,13.51218069,0,13.51218069,0,13.51218069,0,13.51218069,0,HER2-,BRCA_Basal,MUT,MUT,WT,WT,WT
TCGA-C8-A132-01,BRCA_LumA,STAGE II,M0,N+,T2,12.59164283,0,12.59164283,0,12.59164283,0,12.59164283,0,HER2-,BRCA_LumA,WT,WT,WT,WT,WT
TCGA-C8-A133-01,BRCA_LumA,STAGE III,M0,N+,T3,0,0,0,0,0,0,0,0,HER2-,BRCA_LumA,WT,MUT,WT,WT,WT
TCGA-C8-A134-01,BRCA_Basal,STAGE II,M0,N0,T2,12.59164283,0,12.59164283,0,12.59164283,0,12.59164283,0,HER2-,BRCA_Basal,MUT,WT,WT,WT,WT
TCGA-C8-A135-01,BRCA_Her2,STAGE II,M0,N+,T2,12.92040635,0,12.92040635,0,12.92040635,0,12.92040635,0,HER2+,BRCA_Her2,MUT,WT,MUT,WT,WT
TCGA-C8-A137-01,BRCA_Her2,STAGE II,M0,N+,T2,12.46013742,0,12.46013742,0,4.471183877,1,4.471183877,1,HER2+,BRCA_Her2,WT,WT,WT,WT,WT
TCGA-C8-A138-01,BRCA_Her2,STAGE III,M0,N+,T2,12.49301378,0,12.49301378,0,12.49301378,0,12.49301378,0,HER2+,BRCA_Her2,MUT,WT,WT,WT,WT
TCGA-C8-A1HE-01,BRCA_LumA,STAGE II,M0,N0,T2,12.32863202,0,12.32863202,0,12.32863202,0,12.32863202,0,HER2-,BRCA_LumA,WT,MUT,WT,WT,WT
TCGA-C8-A1HF-01,BRCA_Her2,STAGE II,M0,N0,T2,10.91494888,0,10.91494888,0,10.91494888,0,10.91494888,0,HER2+,BRCA_Her2,MUT,MUT,WT,WT,WT
TCGA-C8-A1HG-01,BRCA_LumB,STAGE II,M0,N0,T2,11.34234145,0,11.34234145,0,11.34234145,0,11.34234145,0,,BRCA_LumB,MUT,WT,WT,WT,WT
TCGA-C8-A1HI-01,BRCA_LumA,STAGE III,M0,N+,T2,11.27658875,0,11.27658875,0,11.27658875,0,11.27658875,0,HER2-,BRCA_LumA,WT,WT,WT,WT,WT
TCGA-C8-A1HJ-01,BRCA_Basal,STAGE II,M0,N0,T2,0.16438176,0,0.16438176,0,0.16438176,0,0.16438176,0,HER2-,BRCA_Basal,MUT,WT,WT,WT,WT
TCGA-C8-A1HK-01,BRCA_Her2,STAGE II,M0,N+,T2,12.03274485,0,12.03274485,0,12.03274485,0,12.03274485,0,HER2+,BRCA_Her2,MUT,WT,WT,WT,WT
TCGA-C8-A1HL-01,BRCA_LumB,STAGE III,M0,N+,T3,10.4218036,0,10.4218036,0,10.4218036,0,10.4218036,0,,BRCA_LumB,WT,WT,WT,WT,WT
TCGA-C8-A1HM-01,BRCA_LumB,STAGE II,M0,N0,T2,12.32863202,0,12.32863202,0,12.32863202,0,12.32863202,0,,BRCA_LumB,MUT,WT,WT,WT,WT
TCGA-C8-A1HN-01,BRCA_LumB,STAGE II,M0,N0,T2,12.9532827,0,12.9532827,0,12.9532827,0,12.9532827,0,,BRCA_LumB,WT,WT,WT,WT,WT
TCGA-C8-A1HO-01,BRCA_LumA,STAGE III,M0,N+,T3,12.32863202,0,12.32863202,0,12.32863202,0,12.32863202,0,HER2-,BRCA_LumA,WT,WT,WT,WT,WT
TCGA-C8-A26V-01,BRCA_LumB,STAGE III,M0,N+,T3,20.25183286,0,20.25183286,0,20.25183286,0,20.25183286,0,,BRCA_LumB,MUT,WT,WT,WT,WT
TCGA-C8-A26W-01,BRCA_LumB,STAGE II,M0,N+,T2,12.52589013,0,12.52589013,0,12.52589013,0,12.52589013,0,,BRCA_LumB,MUT,MUT,WT,WT,WT
TCGA-C8-A26X-01,BRCA_Her2,STAGE II,M0,N+,T1,12.36150837,0,12.36150837,0,12.36150837,0,12.36150837,0,HER2+,BRCA_Her2,WT,MUT,WT,WT,WT
TCGA-C8-A26Y-01,BRCA_Her2,STAGE II,M0,N0,T2,12.9532827,0,12.9532827,0,12.9532827,0,12.9532827,0,HER2+,BRCA_Her2,MUT,WT,WT,WT,WT
TCGA-C8-A26Z-01,BRCA_LumA,STAGE II,M0,N0,T2,15.45188546,0,15.45188546,0,15.45188546,0,15.45188546,0,HER2-,BRCA_LumA,WT,WT,WT,WT,WT
TCGA-C8-A273-01,BRCA_LumA,STAGE II,M0,N+,T2,16.8655686,0,16.8655686,0,16.8655686,0,16.8655686,0,HER2-,BRCA_LumA,WT,WT,WT,WT,WT
TCGA-C8-A274-01,BRCA_LumB,STAGE II,M0,N0,T2,16.70118684,0,16.70118684,0,16.70118684,0,16.70118684,0,,BRCA_LumB,WT,MUT,MUT,WT,WT
TCGA-C8-A275-01,BRCA_Her2,STAGE II,M0,N+,T1,0.032876352,0,0.032876352,0,0.032876352,0,0.032876352,0,HER2+,BRCA_Her2,MUT,WT,WT,MUT,WT
TCGA-C8-A278-01,BRCA_Her2,STAGE III,M0,N+,T2,9.764276556,0,9.764276556,0,9.764276556,0,9.764276556,0,HER2+,BRCA_Her2,MUT,MUT,WT,WT,MUT
TCGA-C8-A27A-01,BRCA_LumB,STAGE II,M0,N+,T2,24.55863497,0,24.55863497,0,24.55863497,0,24.55863497,0,,BRCA_LumB,MUT,WT,WT,WT,WT
TCGA-C8-A27B-01,BRCA_Basal,STAGE II,M0,N0,T3,14.43271855,0,14.43271855,0,14.43271855,0,14.43271855,0,HER2-,BRCA_Basal,MUT,WT,WT,WT,WT
TCGA-C8-A3M7-01,BRCA_LumA,STAGE III,M0,N0,T4,33.99414801,1,33.99414801,1,33.99414801,1,33.99414801,1,HER2-,BRCA_LumA,WT,MUT,MUT,WT,WT
TCGA-C8-A3M8-01,BRCA_LumB,STAGE I,M0,N0,T1,12.9532827,0,12.9532827,0,12.9532827,0,12.9532827,0,,BRCA_LumB,WT,MUT,WT,WT,WT
TCGA-C8-A8HP-01,BRCA_Her2,STAGE III,M0,N+,T2,13.01903541,0,13.01903541,0,13.01903541,0,13.01903541,0,HER2+,BRCA_Her2,MUT,WT,WT,WT,WT
TCGA-C8-A8HQ-01,BRCA_LumB,STAGE II,M0,N+,T2,12.49301378,0,12.49301378,0,12.49301378,0,12.49301378,0,,BRCA_LumB,WT,MUT,WT,WT,WT
TCGA-C8-A8HR-01,BRCA_Normal,STAGE III,M0,N+,T3,13.41355163,0,13.41355163,0,13.41355163,0,13.41355163,0,,,WT,WT,WT,WT,WT
TCGA-C8-A9FZ-01,NA,STAGE II,M0,N+,T2,19.46280041,0,19.46280041,0,19.46280041,0,19.46280041,0,,,WT,WT,WT,WT,WT
TCGA-D8-A13Y-01,BRCA_LumB,STAGE I,M0,N0,T1,56.81033633,0,56.81033633,0,56.81033633,0,56.81033633,0,,BRCA_LumB,MUT,WT,WT,WT,WT
TCGA-D8-A13Z-01,BRCA_Her2,0,M0,N+,T2,20.87648355,0,20.87648355,0,20.87648355,0,20.87648355,0,HER2+,BRCA_Her2,MUT,WT,WT,WT,WT
TCGA-D8-A140-01,BRCA_LumA,STAGE II,M0,N+,T2,13.24916987,0,13.24916987,0,13.24916987,0,13.24916987,0,HER2-,BRCA_LumA,WT,WT,WT,WT,WT
TCGA-D8-A141-01,BRCA_LumA,0,M0,N+,T1,20.58059638,0,20.58059638,0,20.58059638,0,20.58059638,0,HER2-,BRCA_LumA,WT,WT,WT,WT,WT
TCGA-D8-A142-01,BRCA_Basal,STAGE II,M0,N0,T3,13.97244962,0,13.97244962,0,13.97244962,0,13.97244962,0,HER2-,BRCA_Basal,MUT,WT,WT,WT,WT
TCGA-D8-A143-01,BRCA_Basal,STAGE II,M0,N0,T2,14.16970773,0,14.16970773,0,14.16970773,0,14.16970773,0,HER2-,BRCA_Basal,MUT,MUT,WT,MUT,WT
TCGA-D8-A145-01,BRCA_LumA,STAGE II,M0,N+,T1,13.47930434,0,13.47930434,0,13.47930434,0,13.47930434,0,HER2-,BRCA_LumA,WT,MUT,WT,WT,WT
TCGA-D8-A147-01,BRCA_Basal,0,M0,N0,T2,19.19978959,0,19.19978959,0,19.19978959,0,19.19978959,0,HER2-,BRCA_Basal,MUT,WT,WT,WT,WT
TCGA-D8-A1J8-01,BRCA_LumB,STAGE II,M0,N+,T2,14.16970773,0,14.16970773,0,14.16970773,0,14.16970773,0,,BRCA_LumB,WT,MUT,WT,WT,WT
TCGA-D8-A1J9-01,BRCA_LumB,STAGE I,M0,N0,T1,17.49021929,0,17.49021929,0,17.49021929,0,17.49021929,0,,BRCA_LumB,MUT,WT,WT,WT,WT
TCGA-D8-A1JA-01,BRCA_Her2,0,M0,NX,T4,16.50392872,0,16.50392872,0,14.16970773,1,14.16970773,1,HER2+,BRCA_Her2,WT,WT,WT,WT,WT
TCGA-D8-A1JB-01,BRCA_LumA,STAGE II,M0,N+,T2,55.49528224,0,55.49528224,0,55.49528224,0,55.49528224,0,HER2-,BRCA_LumA,WT,WT,WT,WT,WT
TCGA-D8-A1JC-01,BRCA_LumB,STAGE III,M0,N+,T2,15.78064898,0,15.78064898,0,15.78064898,0,15.78064898,0,,BRCA_LumB,WT,WT,WT,WT,WT
TCGA-D8-A1JD-01,BRCA_LumB,STAGE II,M0,N+,T2,18.14774633,0,18.14774633,0,18.14774633,0,18.14774633,0,,BRCA_LumB,WT,MUT,WT,WT,WT
TCGA-D8-A1JE-01,BRCA_LumB,STAGE II,M0,N+,T1,18.90390242,0,18.90390242,0,18.90390242,0,18.90390242,0,,BRCA_LumB,WT,MUT,WT,WT,WT
TCGA-D8-A1JF-01,BRCA_Her2,STAGE III,M0,N+,T1,12.03274485,0,12.03274485,0,12.03274485,0,12.03274485,0,HER2+,BRCA_Her2,MUT,MUT,WT,WT,WT
TCGA-D8-A1JG-01,BRCA_Her2,STAGE II,M0,N0,T2,52.99667949,0,52.99667949,0,52.99667949,0,52.99667949,0,HER2+,BRCA_Her2,MUT,MUT,MUT,WT,WT
TCGA-D8-A1JH-01,BRCA_LumA,STAGE I,M0,N0,T1,14.00532597,0,14.00532597,0,14.00532597,0,14.00532597,0,HER2-,BRCA_LumA,WT,MUT,WT,WT,WT
TCGA-D8-A1JI-01,BRCA_LumB,STAGE II,MX,N+,T1,18.96965513,0,18.96965513,0,18.96965513,0,18.96965513,0,,BRCA_LumB,WT,WT,WT,WT,WT
TCGA-D8-A1JJ-01,BRCA_LumB,STAGE II,M0,N0,T2,20.0874511,0,20.0874511,0,20.0874511,0,20.0874511,0,,BRCA_LumB,MUT,MUT,WT,WT,WT
TCGA-D8-A1JK-01,BRCA_Basal,STAGE II,M0,N0,T2,20.12032745,0,20.12032745,0,20.12032745,0,20.12032745,0,HER2-,BRCA_Basal,MUT,MUT,WT,WT,WT
TCGA-D8-A1JL-01,BRCA_Basal,STAGE II,M0,N0,T2,20.0874511,0,20.0874511,0,20.0874511,0,20.0874511,0,HER2-,BRCA_Basal,MUT,WT,WT,WT,WT
TCGA-D8-A1JM-01,BRCA_Basal,STAGE II,M0,N+,T2,19.3970477,0,19.3970477,0,19.3970477,0,19.3970477,0,HER2-,BRCA_Basal,MUT,WT,WT,WT,WT
TCGA-D8-A1JN-01,BRCA_LumA,STAGE III,MX,N+,T3,20.38333827,0,20.38333827,0,20.38333827,0,20.38333827,0,HER2-,BRCA_LumA,WT,MUT,WT,WT,WT
TCGA-D8-A1JP-01,BRCA_LumA,STAGE I,M0,N0,T1,21.00798895,0,21.00798895,0,21.00798895,0,21.00798895,0,HER2-,BRCA_LumA,WT,MUT,WT,WT,MUT
TCGA-D8-A1JS-01,BRCA_LumA,STAGE I,M0,N0,T1,12.19712661,0,12.19712661,0,12.19712661,0,12.19712661,0,HER2-,BRCA_LumA,WT,MUT,WT,WT,WT
TCGA-D8-A1JT-01,BRCA_LumB,STAGE II,M0,N0,T2,13.31492258,0,13.31492258,0,13.31492258,0,13.31492258,0,,BRCA_LumB,WT,WT,WT,WT,WT
TCGA-D8-A1JU-01,BRCA_LumA,STAGE I,M0,N0,T1,14.69572936,0,14.69572936,0,14.69572936,0,14.69572936,0,HER2-,BRCA_LumA,WT,MUT,WT,WT,WT
TCGA-D8-A1X5-01,BRCA_LumB,STAGE III,MX,N+,T2,18.5751389,0,18.5751389,0,18.5751389,0,18.5751389,0,,BRCA_LumB,MUT,WT,WT,WT,WT
TCGA-D8-A1X6-01,BRCA_LumB,STAGE III,MX,N+,T3,17.78610645,0,17.78610645,0,17.78610645,0,17.78610645,0,,BRCA_LumB,WT,WT,WT,WT,WT
TCGA-D8-A1X7-01,BRCA_LumB,STAGE II,MX,N0,T2,16.73406319,0,16.73406319,0,16.73406319,0,16.73406319,0,,BRCA_LumB,WT,WT,WT,WT,WT
TCGA-D8-A1X8-01,BRCA_LumA,STAGE III,M0,N+,T1,25.74218365,0,25.74218365,0,25.74218365,0,25.74218365,0,HER2-,BRCA_LumA,WT,WT,WT,WT,WT
TCGA-D8-A1X9-01,BRCA_LumA,STAGE II,M0,N+,T2,23.90110793,0,23.90110793,0,0,0,23.90110793,0,HER2-,BRCA_LumA,WT,WT,WT,WT,WT
TCGA-D8-A1XA-01,BRCA_LumA,STAGE I,M0,N0,T1,27.58325936,0,27.58325936,0,27.58325936,0,27.58325936,0,HER2-,BRCA_LumA,MUT,WT,WT,WT,WT
TCGA-D8-A1XB-01,BRCA_LumA,STAGE II,M0,N+,T2,18.14774633,0,18.14774633,0,18.14774633,0,18.14774633,0,HER2-,BRCA_LumA,WT,MUT,WT,WT,WT
TCGA-D8-A1XC-01,BRCA_LumA,STAGE III,M0,N+,T4,12.39438472,1,12.39438472,1,0,0,12.39438472,1,HER2-,BRCA_LumA,WT,WT,WT,WT,WT
TCGA-D8-A1XD-01,NA,STAGE III,M0,N+,T1,17.16145577,0,17.16145577,0,17.16145577,0,17.16145577,0,,,WT,WT,WT,WT,WT
TCGA-D8-A1XF-01,BRCA_LumB,STAGE II,M0,N0,T2,15.221751,0,15.221751,0,0,0,15.221751,0,,BRCA_LumB,WT,WT,WT,WT,WT
TCGA-D8-A1XG-01,BRCA_LumA,STAGE III,M0,N+,T4,14.72860571,0,14.72860571,0,14.72860571,0,14.72860571,0,HER2-,BRCA_LumA,WT,WT,WT,WT,WT
TCGA-D8-A1XJ-01,BRCA_Her2,STAGE III,MX,N+,T3,21.82989776,0,21.82989776,0,21.82989776,0,21.82989776,0,HER2+,BRCA_Her2,MUT,WT,WT,WT,WT
TCGA-D8-A1XK-01,BRCA_Basal,STAGE II,MX,N+,T2,14.49847125,0,14.49847125,0,14.49847125,0,14.49847125,0,HER2-,BRCA_Basal,WT,WT,WT,WT,WT
TCGA-D8-A1XL-01,BRCA_LumB,STAGE II,MX,N+,T2,19.92306934,0,19.92306934,0,19.92306934,0,19.92306934,0,,BRCA_LumB,MUT,MUT,WT,WT,MUT
TCGA-D8-A1XM-01,BRCA_LumA,STAGE I,M0,N0,T1,17.6874774,0,17.6874774,0,17.6874774,0,17.6874774,0,HER2-,BRCA_LumA,WT,MUT,MUT,WT,WT
TCGA-D8-A1XO-01,BRCA_LumA,STAGE II,M0,N+,T2,55.29802413,0,55.29802413,0,55.29802413,0,55.29802413,0,HER2-,BRCA_LumA,WT,MUT,WT,WT,WT
TCGA-D8-A1XQ-01,BRCA_Basal,STAGE II,M0,N0,T2,16.40529967,0,16.40529967,0,16.40529967,0,16.40529967,0,HER2-,BRCA_Basal,MUT,WT,WT,MUT,WT
TCGA-D8-A1XR-01,BRCA_LumB,STAGE II,M0,N+,T2,15.84640168,0,15.84640168,0,15.84640168,0,15.84640168,0,,BRCA_LumB,WT,WT,WT,WT,WT
TCGA-D8-A1XS-01,NA,STAGE III,M0,N+,T2,16.30667061,0,16.30667061,0,16.30667061,0,16.30667061,0,,,WT,MUT,WT,WT,WT
TCGA-D8-A1XT-01,BRCA_Her2,STAGE II,M0,N+,T1,16.63543413,0,16.63543413,0,16.63543413,0,16.63543413,0,HER2+,BRCA_Her2,MUT,WT,WT,WT,WT
TCGA-D8-A1XU-01,BRCA_LumA,STAGE I,M0,N0,T1,12.98615906,0,12.98615906,0,12.98615906,0,12.98615906,0,HER2-,BRCA_LumA,WT,WT,WT,WT,WT
TCGA-D8-A1XV-01,BRCA_LumA,STAGE II,M0,N0,T2,15.15599829,0,15.15599829,0,15.15599829,0,15.15599829,0,HER2-,BRCA_LumA,WT,WT,WT,WT,WT
TCGA-D8-A1XW-01,BRCA_Normal,STAGE II,M0,N0,T2,43.03514482,0,43.03514482,0,43.03514482,0,43.03514482,0,,,MUT,WT,WT,WT,WT
TCGA-D8-A1XY-01,BRCA_LumA,STAGE II,MX,N0,T2,16.53680508,0,16.53680508,0,0,0,16.53680508,0,HER2-,BRCA_LumA,WT,MUT,WT,WT,WT
TCGA-D8-A1XZ-01,BRCA_LumB,STAGE III,MX,N+,T1,15.32038005,0,15.32038005,0,15.32038005,0,15.32038005,0,,BRCA_LumB,MUT,WT,WT,WT,WT
TCGA-D8-A1Y0-01,BRCA_LumA,STAGE III,MX,N+,T1,15.51763816,0,15.51763816,0,0,0,15.51763816,0,HER2-,BRCA_LumA,WT,WT,WT,WT,WT
TCGA-D8-A1Y1-01,BRCA_LumB,STAGE III,MX,N+,T3,9.928658316,1,9.928658316,1,0,0,9.928658316,1,,BRCA_LumB,WT,MUT,WT,WT,WT
TCGA-D8-A1Y2-01,BRCA_LumB,STAGE II,MX,N0,T2,14.23546043,0,14.23546043,0,14.23546043,0,14.23546043,0,,BRCA_LumB,WT,MUT,WT,WT,WT
TCGA-D8-A1Y3-01,BRCA_LumB,STAGE III,MX,N+,T2,14.13683138,0,14.13683138,0,14.13683138,0,14.13683138,0,,BRCA_LumB,MUT,WT,WT,WT,WT
TCGA-D8-A27E-01,BRCA_LumA,STAGE I,M0,N0,T1,17.42446658,0,17.42446658,0,17.42446658,0,17.42446658,0,HER2-,BRCA_LumA,WT,WT,WT,WT,WT
TCGA-D8-A27F-01,BRCA_Basal,STAGE II,M0,N0,T2,16.0436598,0,16.0436598,0,16.0436598,0,16.0436598,0,HER2-,BRCA_Basal,MUT,WT,WT,WT,WT
TCGA-D8-A27G-01,BRCA_LumA,STAGE II,M0,N0,T2,13.44642798,0,13.44642798,0,13.44642798,0,13.44642798,0,HER2-,BRCA_LumA,WT,MUT,MUT,WT,MUT
TCGA-D8-A27H-01,BRCA_Basal,STAGE II,M0,N0,T2,13.05191176,0,13.05191176,0,13.05191176,0,13.05191176,0,HER2-,BRCA_Basal,WT,WT,WT,WT,WT
TCGA-D8-A27I-01,BRCA_LumA,STAGE III,M0,N+,T1,14.43271855,0,14.43271855,0,14.43271855,0,14.43271855,0,HER2-,BRCA_LumA,WT,WT,WT,WT,WT
TCGA-D8-A27K-01,BRCA_LumA,STAGE II,M0,N+,T2,48.03235033,0,48.03235033,0,48.03235033,0,48.03235033,0,HER2-,BRCA_LumA,WT,MUT,WT,WT,WT
TCGA-D8-A27L-01,BRCA_LumA,STAGE III,M0,N+,T1,16.40529967,0,16.40529967,0,16.40529967,0,16.40529967,0,HER2-,BRCA_LumA,WT,MUT,WT,WT,WT
TCGA-D8-A27M-01,BRCA_Basal,STAGE I,M0,N0,T1,13.47930434,0,13.47930434,0,13.47930434,0,13.47930434,0,HER2-,BRCA_Basal,MUT,WT,WT,WT,MUT
TCGA-D8-A27N-01,BRCA_LumB,STAGE III,M0,N+,T2,17.06282671,0,17.06282671,0,17.06282671,0,17.06282671,0,,BRCA_LumB,MUT,WT,WT,WT,WT
TCGA-D8-A27P-01,BRCA_LumA,STAGE I,M0,N0,T1,1.61094125,0,1.61094125,0,1.61094125,0,1.61094125,0,HER2-,BRCA_LumA,WT,MUT,WT,WT,WT
TCGA-D8-A27R-01,BRCA_LumB,STAGE III,M0,N+,T2,10.09304008,0,10.09304008,0,10.09304008,0,10.09304008,0,,BRCA_LumB,WT,WT,WT,WT,WT
TCGA-D8-A27T-01,BRCA_LumA,STAGE III,M0,N+,T2,13.08478811,0,13.08478811,0,13.08478811,0,13.08478811,0,HER2-,BRCA_LumA,WT,MUT,WT,WT,WT
TCGA-D8-A27V-01,BRCA_LumA,STAGE II,M0,N0,T2,12.52589013,0,12.52589013,0,12.52589013,0,12.52589013,0,HER2-,BRCA_LumA,WT,WT,MUT,WT,MUT
TCGA-D8-A27W-01,BRCA_LumB,STAGE III,M0,N0,T4,12.26287931,0,12.26287931,0,12.26287931,0,12.26287931,0,,BRCA_LumB,WT,WT,WT,WT,WT
TCGA-D8-A3Z5-01,NA,STAGE III,M0,N+,T2,33.36949732,0,33.36949732,0,33.36949732,0,33.36949732,0,,,WT,WT,WT,WT,WT
TCGA-D8-A3Z6-01,BRCA_LumA,STAGE III,M0,N+,T3,18.5093862,0,18.5093862,0,18.5093862,0,18.5093862,0,HER2-,BRCA_LumA,WT,MUT,WT,WT,WT
TCGA-D8-A4Z1-01,BRCA_LumA,STAGE I,M0,N0,T1,21.66551599,0,21.66551599,0,21.66551599,0,21.66551599,0,HER2-,BRCA_LumA,WT,WT,WT,WT,WT
TCGA-D8-A73U-01,BRCA_LumA,STAGE II,M0,N0,T2,16.1751652,0,16.1751652,0,16.1751652,0,16.1751652,0,HER2-,BRCA_LumA,WT,MUT,WT,WT,WT
TCGA-D8-A73W-01,BRCA_LumA,STAGE III,MX,N+,T3,12.65739554,1,12.65739554,1,0.690403393,1,0.690403393,1,HER2-,BRCA_LumA,WT,WT,WT,WT,WT
TCGA-D8-A73X-01,BRCA_LumA,STAGE II,M0,N0,T2,25.21616202,0,25.21616202,0,25.21616202,0,25.21616202,0,HER2-,BRCA_LumA,WT,MUT,WT,WT,WT
TCGA-E2-A105-01,BRCA_LumA,STAGE II,M0,N0,T2,43.00226847,0,43.00226847,0,43.00226847,0,43.00226847,0,HER2-,BRCA_LumA,WT,MUT,WT,WT,WT
TCGA-E2-A107-01,BRCA_LumA,STAGE III,M0,N+,T3,34.42154059,0,34.42154059,0,34.42154059,0,34.42154059,0,HER2-,BRCA_LumA,WT,WT,WT,WT,WT
TCGA-E2-A108-01,BRCA_Normal,STAGE III,M0,N+,T2,27.51750666,0,27.51750666,0,27.51750666,0,27.51750666,0,,,MUT,MUT,WT,WT,WT
TCGA-E2-A109-01,BRCA_LumB,STAGE II,M0,N0,T2,46.58579084,0,46.58579084,0,46.58579084,0,46.58579084,0,,BRCA_LumB,MUT,WT,WT,WT,WT
TCGA-E2-A10A-01,BRCA_LumA,STAGE II,M0,N0,T3,40.40503666,0,40.40503666,0,2.465726403,1,2.465726403,1,HER2-,BRCA_LumA,WT,WT,WT,WT,WT
TCGA-E2-A10B-01,BRCA_LumA,STAGE II,M0,N+,T2,37.51191768,0,37.51191768,0,0,0,6.410888648,1,HER2-,BRCA_LumA,WT,MUT,WT,WT,WT
TCGA-E2-A10C-01,BRCA_LumB,STAGE II,M0,N+,T2,40.10914949,0,40.10914949,0,40.10914949,0,40.10914949,0,,BRCA_LumB,WT,MUT,WT,WT,WT
TCGA-E2-A10E-01,NA,STAGE II,M0,N+,T1,28.43804452,0,28.43804452,0,28.43804452,0,28.43804452,0,,,WT,WT,WT,WT,WT
TCGA-E2-A10F-01,BRCA_LumA,STAGE II,M0,N0,T2,28.86543709,0,28.86543709,0,28.86543709,0,28.86543709,0,HER2-,BRCA_LumA,WT,MUT,WT,WT,WT
TCGA-E2-A14N-01,BRCA_Basal,STAGE II,M0,N+,T2,47.14468883,0,47.14468883,0,47.14468883,0,47.14468883,0,HER2-,BRCA_Basal,MUT,WT,WT,WT,WT
TCGA-E2-A14O-01,BRCA_LumB,STAGE III,M0,N+,T3,44.67896242,0,44.67896242,0,44.67896242,0,44.67896242,0,,BRCA_LumB,WT,WT,WT,WT,WT
TCGA-E2-A14P-01,BRCA_Her2,STAGE III,M0,N+,T2,40.96393464,0,40.96393464,0,40.96393464,0,40.96393464,0,HER2+,BRCA_Her2,MUT,WT,WT,WT,WT
TCGA-E2-A14Q-01,BRCA_LumA,STAGE II,M0,N+,T2,38.23519742,0,38.23519742,0,38.23519742,0,38.23519742,0,HER2-,BRCA_LumA,WT,WT,WT,WT,WT
TCGA-E2-A14R-01,BRCA_Basal,STAGE II,M0,N0,T2,38.5968373,0,38.5968373,0,38.5968373,0,31.92293783,1,HER2-,BRCA_Basal,MUT,WT,WT,WT,WT
TCGA-E2-A14S-01,NA,STAGE I,M0,N0,T1,33.17223921,0,33.17223921,0,33.17223921,0,33.17223921,0,,,WT,WT,WT,WT,WT
TCGA-E2-A14T-01,BRCA_LumA,STAGE II,M0,N0,T2,75.97724956,0,75.97724956,0,75.97724956,0,75.97724956,0,HER2-,BRCA_LumA,WT,WT,WT,WT,WT
TCGA-E2-A14U-01,NA,STAGE I,M0,N0,T1,43.33103199,0,43.33103199,0,43.33103199,0,43.33103199,0,,,#N/A,#N/A,#N/A,#N/A,#N/A
TCGA-E2-A14V-01,BRCA_Her2,STAGE II,M0,N+,T2,34.25715883,0,34.25715883,0,34.25715883,0,34.25715883,0,HER2+,BRCA_Her2,WT,MUT,WT,WT,WT
TCGA-E2-A14W-01,NA,STAGE II,M0,N0,T2,32.02156689,0,32.02156689,0,32.02156689,0,32.02156689,0,,,WT,WT,WT,WT,MUT
TCGA-E2-A14X-01,BRCA_Basal,STAGE III,M0,N+,T2,31.95581418,0,31.95581418,0,31.95581418,0,31.95581418,0,HER2-,BRCA_Basal,MUT,WT,WT,WT,WT
TCGA-E2-A14Y-01,BRCA_Basal,STAGE II,M0,N0,T2,69.33622645,0,69.33622645,0,69.33622645,0,69.33622645,0,HER2-,BRCA_Basal,MUT,MUT,WT,WT,WT
TCGA-E2-A14Z-01,BRCA_LumA,STAGE I,M0,N0,T1,18.5093862,1,18.5093862,1,6.180754184,1,6.180754184,1,HER2-,BRCA_LumA,MUT,WT,WT,WT,WT
TCGA-E2-A150-01,BRCA_Basal,STAGE II,M0,N0,T2,63.6157412,0,63.6157412,0,63.6157412,0,63.6157412,0,HER2-,BRCA_Basal,MUT,WT,WT,WT,WT
TCGA-E2-A152-01,BRCA_Her2,STAGE I,M0,N0,T1,69.96087714,0,69.96087714,0,1.77532301,1,1.77532301,1,HER2+,BRCA_Her2,MUT,MUT,WT,WT,WT
TCGA-E2-A153-01,BRCA_LumA,STAGE II,M0,N+,T2,23.24358089,0,23.24358089,0,23.24358089,0,23.24358089,0,HER2-,BRCA_LumA,WT,MUT,WT,WT,WT
TCGA-E2-A154-01,BRCA_LumA,STAGE I,M0,N0,T1,19.42992406,0,19.42992406,0,19.42992406,0,19.42992406,0,HER2-,BRCA_LumA,WT,MUT,WT,WT,WT
TCGA-E2-A155-01,BRCA_LumB,STAGE II,M0,N+,T2,21.04086531,0,21.04086531,0,21.04086531,0,21.04086531,0,,BRCA_LumB,MUT,WT,WT,WT,WT
TCGA-E2-A156-01,BRCA_LumA,STAGE I,M0,N0,T1,23.86823158,0,23.86823158,0,23.86823158,0,23.86823158,0,HER2-,BRCA_LumA,WT,MUT,WT,WT,WT
TCGA-E2-A158-01,BRCA_Basal,STAGE II,M0,N+,T1,14.79435842,0,14.79435842,0,14.79435842,0,14.79435842,0,HER2-,BRCA_Basal,MUT,WT,WT,WT,WT
TCGA-E2-A159-01,BRCA_Basal,STAGE II,M0,N0,T2,25.05178025,0,25.05178025,0,25.05178025,0,25.05178025,0,HER2-,BRCA_Basal,MUT,MUT,WT,MUT,WT
TCGA-E2-A15A-01,BRCA_LumB,STAGE III,M0,N+,T2,23.34220995,0,23.34220995,0,23.34220995,0,23.34220995,0,,BRCA_LumB,WT,WT,WT,WT,WT
TCGA-E2-A15C-01,BRCA_LumA,STAGE I,M0,N0,T1,22.81618832,0,22.81618832,0,22.81618832,0,22.81618832,0,HER2-,BRCA_LumA,WT,MUT,WT,WT,WT
TCGA-E2-A15D-01,BRCA_LumA,STAGE II,M0,N0,T2,17.29296117,0,17.29296117,0,17.29296117,0,17.29296117,0,HER2-,BRCA_LumA,WT,WT,WT,WT,WT
TCGA-E2-A15E-01,BRCA_LumA,STAGE II,M0,N+,T1,20.71210179,0,20.71210179,0,20.71210179,0,20.71210179,0,HER2-,BRCA_LumA,MUT,MUT,WT,WT,WT
TCGA-E2-A15F-01,BRCA_LumA,STAGE I,M0,N0,T1,21.63263964,0,21.63263964,0,21.63263964,0,21.63263964,0,HER2-,BRCA_LumA,WT,WT,WT,WT,WT
TCGA-E2-A15G-01,BRCA_LumA,STAGE II,M0,N0,T2,18.21349903,0,18.21349903,0,18.21349903,0,18.21349903,0,HER2-,BRCA_LumA,WT,MUT,WT,WT,WT
TCGA-E2-A15H-01,BRCA_LumA,STAGE II,M0,N+,T1,12.92040635,0,12.92040635,0,12.92040635,0,12.92040635,0,HER2-,BRCA_LumA,WT,WT,WT,WT,WT
TCGA-E2-A15I-01,BRCA_LumA,STAGE II,M0,N0,T2,55.62678765,0,55.62678765,0,55.62678765,0,55.62678765,0,HER2-,BRCA_LumA,WT,WT,WT,WT,WT
TCGA-E2-A15J-01,BRCA_LumA,STAGE I,M0,N0,T1,53.91721735,0,53.91721735,0,53.91721735,0,53.91721735,0,HER2-,BRCA_LumA,WT,WT,WT,WT,WT
TCGA-E2-A15K-01,BRCA_LumB,STAGE II,M0,N+,T2,9.040996811,0,9.040996811,0,9.040996811,0,9.040996811,0,,BRCA_LumB,WT,MUT,WT,WT,WT
TCGA-E2-A15L-01,BRCA_LumA,STAGE II,M0,N0,T2,20.58059638,0,20.58059638,0,20.58059638,0,20.58059638,0,HER2-,BRCA_LumA,WT,MUT,WT,WT,WT
TCGA-E2-A15M-01,BRCA_LumA,STAGE II,M0,N0,T2,11.04645429,1,11.04645429,0,11.04645429,0,11.04645429,0,HER2-,BRCA_LumA,MUT,WT,WT,WT,WT
TCGA-E2-A15O-01,BRCA_LumA,STAGE I,M0,NX,T1,50.7939639,0,50.7939639,0,39.78038597,1,39.78038597,1,HER2-,BRCA_LumA,WT,WT,WT,WT,WT
TCGA-E2-A15P-01,BRCA_LumA,STAGE I,M0,N0,T1,19.56142946,0,19.56142946,0,19.56142946,0,19.56142946,0,HER2-,BRCA_LumA,WT,MUT,WT,WT,WT
TCGA-E2-A15R-01,BRCA_LumA,STAGE II,M0,N+,T1,56.94184173,0,56.94184173,0,56.94184173,0,56.94184173,0,HER2-,BRCA_LumA,WT,WT,WT,WT,WT
TCGA-E2-A15S-01,BRCA_LumB,STAGE II,M0,N+,T2,14.07107867,0,14.07107867,0,14.07107867,0,14.07107867,0,,BRCA_LumB,WT,WT,WT,WT,WT
TCGA-E2-A15T-01,BRCA_LumB,STAGE II,M0,N0,T2,51.38573824,0,51.38573824,0,51.38573824,0,51.38573824,0,,BRCA_LumB,WT,WT,WT,WT,WT
TCGA-E2-A1AZ-01,BRCA_Basal,STAGE II,M0,N+,T2,76.5690239,0,76.5690239,0,76.5690239,0,76.5690239,0,HER2-,BRCA_Basal,MUT,WT,WT,WT,WT
TCGA-E2-A1B0-01,BRCA_Her2,STAGE III,M0,N+,T2,53.62133018,0,53.62133018,0,53.62133018,0,53.62133018,0,HER2+,BRCA_Her2,MUT,WT,WT,WT,WT
TCGA-E2-A1B1-01,BRCA_LumA,STAGE II,M0,N+,T2,87.22096196,0,87.22096196,0,87.22096196,0,87.22096196,0,HER2-,BRCA_LumA,MUT,WT,WT,WT,WT
TCGA-E2-A1B4-01,BRCA_LumA,STAGE III,M0,N+,T1,33.00785745,1,33.00785745,0,33.00785745,0,33.00785745,0,HER2-,BRCA_LumA,WT,MUT,WT,WT,WT
TCGA-E2-A1B5-01,BRCA_LumA,STAGE II,M0,N0,T2,32.35033041,0,32.35033041,0,32.35033041,0,32.35033041,0,HER2-,BRCA_LumA,WT,WT,WT,WT,WT
TCGA-E2-A1B6-01,BRCA_Basal,STAGE II,M0,N0,T2,28.50379722,0,28.50379722,0,28.50379722,0,28.50379722,0,HER2-,BRCA_Basal,MUT,WT,WT,WT,WT
TCGA-E2-A1BC-01,BRCA_LumA,STAGE I,M0,N0,T1,16.47105237,0,16.47105237,0,0,0,16.47105237,0,HER2-,BRCA_LumA,WT,MUT,WT,WT,WT
TCGA-E2-A1BD-01,BRCA_LumA,STAGE II,M0,N0,T2,37.24890686,0,37.24890686,0,37.24890686,0,37.24890686,0,HER2-,BRCA_LumA,WT,MUT,WT,WT,MUT
TCGA-E2-A1IE-01,BRCA_LumA,STAGE II,M0,N+,T2,77.65394352,0,77.65394352,0,59.50619719,1,59.50619719,1,HER2-,BRCA_LumA,WT,WT,WT,WT,WT
TCGA-E2-A1IF-01,BRCA_LumA,STAGE I,M0,N0,T1,37.41328862,0,37.41328862,0,37.41328862,0,37.41328862,0,HER2-,BRCA_LumA,WT,MUT,WT,WT,WT
TCGA-E2-A1IG-01,BRCA_LumA,STAGE II,M0,N+,T2,70.35539337,0,70.35539337,0,70.35539337,0,70.35539337,0,HER2-,BRCA_LumA,WT,WT,WT,WT,WT
TCGA-E2-A1IH-01,BRCA_LumA,STAGE I,M0,N0,T1,33.73113719,0,33.73113719,0,33.73113719,0,33.73113719,0,HER2-,BRCA_LumA,WT,WT,WT,WT,WT
TCGA-E2-A1II-01,BRCA_Basal,STAGE I,M0,N0,T1,33.69826084,0,33.69826084,0,33.69826084,0,33.69826084,0,HER2-,BRCA_Basal,MUT,WT,WT,WT,WT
TCGA-E2-A1IJ-01,BRCA_LumA,STAGE I,M0,N0,T1,28.43804452,0,28.43804452,0,28.43804452,0,28.43804452,0,HER2-,BRCA_LumA,WT,WT,WT,WT,WT
TCGA-E2-A1IK-01,BRCA_LumA,STAGE II,M0,N+,T1,59.17743367,0,59.17743367,0,59.17743367,0,59.17743367,0,HER2-,BRCA_LumA,WT,WT,WT,WT,WT
TCGA-E2-A1IL-01,BRCA_LumA,STAGE II,M0,N+,T1,3.879409541,0,3.879409541,0,3.879409541,0,3.879409541,0,HER2-,BRCA_LumA,WT,MUT,WT,WT,WT
TCGA-E2-A1IN-01,BRCA_LumA,STAGE I,M0,N0,T1,22.19153763,0,22.19153763,0,22.19153763,0,22.19153763,0,HER2-,BRCA_LumA,MUT,MUT,WT,WT,WT
TCGA-E2-A1IO-01,BRCA_LumA,STAGE I,M0,N0,T1,60.98563303,0,60.98563303,0,60.98563303,0,60.98563303,0,HER2-,BRCA_LumA,WT,MUT,WT,WT,WT
TCGA-E2-A1IU-01,BRCA_LumA,STAGE I,M0,N0,T1,11.07933064,0,11.07933064,0,11.07933064,0,11.07933064,0,HER2-,BRCA_LumA,WT,WT,WT,WT,WT
TCGA-E2-A1L6-01,BRCA_LumA,STAGE II,M0,N+,T1,54.18022816,0,54.18022816,0,54.18022816,0,54.18022816,0,HER2-,BRCA_LumA,WT,MUT,WT,WT,WT
TCGA-E2-A1L7-01,BRCA_LumB,STAGE III,M0,N+,T2,60.36098235,0,60.36098235,0,53.22681395,1,53.22681395,1,,BRCA_LumB,MUT,WT,WT,WT,WT
TCGA-E2-A1L8-01,BRCA_LumA,STAGE II,M0,N+,T2,73.64302857,0,73.64302857,0,73.64302857,0,73.64302857,0,HER2-,BRCA_LumA,WT,MUT,WT,WT,WT
TCGA-E2-A1L9-01,BRCA_LumA,STAGE II,M0,N+,T1,19.66005852,0,19.66005852,0,19.66005852,0,19.66005852,0,HER2-,BRCA_LumA,WT,WT,WT,WT,MUT
TCGA-E2-A1LA-01,BRCA_LumA,STAGE II,M0,N+,T1,24.59151133,0,24.59151133,0,24.59151133,0,24.59151133,0,HER2-,BRCA_LumA,WT,WT,WT,WT,WT
TCGA-E2-A1LB-01,BRCA_Her2,STAGE II,M0,N+,T2,75.8128678,0,75.8128678,0,75.8128678,0,75.8128678,0,HER2+,BRCA_Her2,WT,WT,WT,WT,WT
TCGA-E2-A1LE-01,NA,STAGE III,M0,N+,T2,28.89831344,1,28.89831344,1,11.86836309,1,11.86836309,1,,,WT,WT,WT,WT,WT
TCGA-E2-A1LG-01,BRCA_Basal,STAGE II,M0,N0,T2,50.07068416,0,50.07068416,0,50.07068416,0,50.07068416,0,HER2-,BRCA_Basal,MUT,WT,WT,WT,WT
TCGA-E2-A1LH-01,BRCA_Basal,STAGE I,M0,N0,T1,106.7495151,0,106.7495151,0,106.7495151,0,106.7495151,0,HER2-,BRCA_Basal,MUT,WT,WT,WT,WT
TCGA-E2-A1LI-01,BRCA_Basal,STAGE II,M0,N+,T2,102.6070947,0,102.6070947,0,0,0,102.6070947,0,HER2-,BRCA_Basal,WT,WT,WT,WT,WT
TCGA-E2-A1LK-01,BRCA_Basal,STAGE III,M0,N+,T4,8.745109643,1,8.745109643,1,5.095834566,1,5.095834566,1,HER2-,BRCA_Basal,MUT,WT,WT,WT,WT
TCGA-E2-A1LL-01,BRCA_Basal,STAGE III,MX,N+,T3,43.03514482,0,43.03514482,0,42.83788671,1,42.83788671,1,HER2-,BRCA_Basal,WT,WT,WT,WT,WT
TCGA-E2-A1LS-01,NA,STAGE I,M0,N0,T1,52.73366867,0,52.73366867,0,52.73366867,0,52.73366867,0,,,MUT,WT,WT,WT,WT
TCGA-E2-A2P5-01,NA,STAGE III,M0,N+,T2,26.99148503,1,26.99148503,1,19.62718217,1,19.62718217,1,,,WT,WT,WT,WT,WT
TCGA-E2-A2P6-01,BRCA_LumA,STAGE II,M0,N+,T2,34.55304599,0,34.55304599,0,34.55304599,0,34.55304599,0,HER2-,BRCA_LumA,WT,WT,WT,WT,WT
TCGA-E2-A3DX-01,NA,STAGE III,M0,N+,T2,43.56116645,0,43.56116645,0,0,0,43.56116645,0,,,WT,WT,WT,WT,WT
TCGA-E2-A56Z-01,BRCA_LumB,STAGE II,M0,N+,T2,8.284840714,0,8.284840714,0,8.284840714,0,8.284840714,0,,BRCA_LumB,WT,WT,WT,WT,WT
TCGA-E2-A570-01,BRCA_LumA,STAGE I,M0,N+,T1,30.60788375,0,30.60788375,0,30.60788375,0,30.60788375,0,HER2-,BRCA_LumA,WT,WT,WT,WT,WT
TCGA-E2-A573-01,BRCA_Basal,STAGE I,M0,N0,T1,34.91468587,0,34.91468587,0,34.91468587,0,34.91468587,0,HER2-,BRCA_Basal,MUT,WT,WT,WT,WT
TCGA-E2-A574-01,BRCA_Basal,STAGE II,M0,N0,T2,38.76121906,0,38.76121906,0,38.76121906,0,38.76121906,0,HER2-,BRCA_Basal,MUT,WT,WT,WT,WT
TCGA-E2-A576-01,BRCA_LumA,STAGE I,MX,N0,T1,34.29003518,0,34.29003518,0,34.29003518,0,34.29003518,0,HER2-,BRCA_LumA,WT,MUT,WT,WT,WT
TCGA-E2-A9RU-01,BRCA_LumB,STAGE III,MX,N+,T2,17.6874774,0,17.6874774,0,17.6874774,0,17.6874774,0,,BRCA_LumB,MUT,MUT,WT,WT,WT
TCGA-E9-A1N3-01,BRCA_LumA,STAGE III,M0,N+,T1,34.81605681,0,34.81605681,0,34.81605681,0,34.81605681,0,HER2-,BRCA_LumA,WT,WT,WT,WT,WT
TCGA-E9-A1N4-01,BRCA_LumA,STAGE III,M0,N+,T2,32.87635204,0,32.87635204,0,32.87635204,0,32.87635204,0,HER2-,BRCA_LumA,WT,WT,WT,WT,WT
TCGA-E9-A1N5-01,BRCA_LumA,STAGE II,M0,N+,T2,36.82151429,0,36.82151429,0,36.82151429,0,36.82151429,0,HER2-,BRCA_LumA,MUT,MUT,WT,WT,WT
TCGA-E9-A1N6-01,NA,STAGE II,M0,N+,T2,22.29016668,1,22.29016668,1,14.56422395,1,14.56422395,1,,,WT,WT,WT,WT,WT
TCGA-E9-A1N8-01,BRCA_Basal,STAGE II,M0,N0,T2,34.15852977,0,34.15852977,0,34.15852977,0,34.15852977,0,HER2-,BRCA_Basal,MUT,WT,WT,WT,WT
TCGA-E9-A1N9-01,BRCA_Basal,STAGE II,M0,N0,T2,36.1968636,0,36.1968636,0,36.1968636,0,36.1968636,0,HER2-,BRCA_Basal,MUT,WT,WT,WT,WT
TCGA-E9-A1NA-01,BRCA_LumB,STAGE II,M0,N0,T2,36.55850347,0,36.55850347,0,36.55850347,0,36.55850347,0,,BRCA_LumB,WT,WT,WT,WT,WT
TCGA-E9-A1NC-01,BRCA_Basal,STAGE II,M0,N+,T2,39.5502515,0,39.5502515,0,39.5502515,0,39.5502515,0,HER2-,BRCA_Basal,MUT,WT,WT,WT,MUT
TCGA-E9-A1ND-01,BRCA_Basal,STAGE II,M0,N+,T2,41.62146168,0,41.62146168,0,41.62146168,0,41.62146168,0,HER2-,BRCA_Basal,MUT,WT,WT,WT,WT
TCGA-E9-A1NE-01,BRCA_LumA,STAGE II,M0,N+,T2,35.76947102,0,35.76947102,0,35.76947102,0,35.76947102,0,HER2-,BRCA_LumA,WT,WT,WT,WT,WT
TCGA-E9-A1NF-01,BRCA_LumB,STAGE II,M0,N0,T2,35.24344939,1,35.24344939,1,2.958871684,1,2.958871684,1,,BRCA_LumB,MUT,WT,WT,WT,WT
TCGA-E9-A1NG-01,BRCA_LumA,STAGE II,M0,N0,T2,25.8408127,1,25.8408127,0,25.8408127,0,25.8408127,0,HER2-,BRCA_LumA,WT,MUT,WT,WT,WT
TCGA-E9-A1NH-01,BRCA_LumA,STAGE II,M0,N+,T2,18.93677878,0,18.93677878,0,18.93677878,0,18.93677878,0,HER2-,BRCA_LumA,WT,MUT,WT,WT,WT
TCGA-E9-A1NI-01,BRCA_LumB,STAGE II,M0,N0,T2,9.862905612,0,9.862905612,0,9.862905612,0,9.862905612,0,,BRCA_LumB,WT,MUT,WT,WT,WT
TCGA-E9-A1QZ-01,BRCA_LumA,STAGE II,M0,N0,T2,24.82164579,0,24.82164579,0,24.82164579,0,24.82164579,0,HER2-,BRCA_LumA,WT,WT,WT,WT,WT
TCGA-E9-A1R0-01,BRCA_LumA,STAGE II,M0,N+,T1,28.27366275,0,28.27366275,0,0,0,28.27366275,0,HER2-,BRCA_LumA,WT,MUT,WT,WT,WT
TCGA-E9-A1R2-01,BRCA_LumA,STAGE III,MX,N+,T2,34.94756222,0,34.94756222,0,0,0,34.94756222,0,HER2-,BRCA_LumA,WT,WT,WT,WT,MUT
TCGA-E9-A1R3-01,BRCA_LumA,STAGE III,M0,N+,T2,2.564355459,0,2.564355459,0,2.564355459,0,2.564355459,0,HER2-,BRCA_LumA,WT,MUT,WT,WT,WT
TCGA-E9-A1R4-01,BRCA_LumB,STAGE I,M0,N0,T1,6.115001479,0,6.115001479,0,6.115001479,0,6.115001479,0,,BRCA_LumB,WT,MUT,WT,WT,WT
TCGA-E9-A1R5-01,BRCA_LumA,STAGE I,M0,N0,T1,3.024624388,0,3.024624388,0,3.024624388,0,3.024624388,0,HER2-,BRCA_LumA,WT,MUT,MUT,WT,WT
TCGA-E9-A1R6-01,BRCA_LumA,STAGE II,M0,N0,T2,11.14508334,0,11.14508334,0,11.14508334,0,11.14508334,0,HER2-,BRCA_LumA,WT,WT,WT,WT,WT
TCGA-E9-A1R7-01,BRCA_LumB,STAGE II,M0,N0,T2,48.22960844,0,48.22960844,0,48.22960844,0,48.22960844,0,,BRCA_LumB,WT,WT,WT,WT,WT
TCGA-E9-A1RA-01,BRCA_LumA,STAGE I,M0,N0,T1,45.00772594,0,45.00772594,0,45.00772594,0,45.00772594,0,HER2-,BRCA_LumA,WT,MUT,WT,WT,WT
TCGA-E9-A1RB-01,BRCA_LumB,STAGE II,M0,N0,T2,32.08731959,1,32.08731959,0,32.08731959,0,32.08731959,0,,BRCA_LumB,MUT,WT,WT,WT,WT
TCGA-E9-A1RC-01,BRCA_LumA,STAGE III,M0,N+,T4,40.2406549,0,40.2406549,0,40.2406549,0,40.2406549,0,HER2-,BRCA_LumA,WT,MUT,WT,MUT,WT
TCGA-E9-A1RD-01,BRCA_LumA,STAGE II,M0,N0,T2,1.117795969,0,1.117795969,0,1.117795969,0,1.117795969,0,HER2-,BRCA_LumA,WT,MUT,WT,WT,WT
TCGA-E9-A1RE-01,BRCA_LumB,STAGE III,M0,N+,T2,46.65154355,0,46.65154355,0,46.65154355,0,46.65154355,0,,BRCA_LumB,WT,MUT,WT,WT,WT
TCGA-E9-A1RF-01,BRCA_LumA,STAGE III,M0,N+,T2,6.575270408,0,6.575270408,0,6.575270408,0,6.575270408,0,HER2-,BRCA_LumA,WT,WT,WT,WT,WT
TCGA-E9-A1RG-01,BRCA_LumB,STAGE III,M0,N+,T1,21.27099977,0,21.27099977,0,21.27099977,0,21.27099977,0,,BRCA_LumB,WT,WT,WT,WT,WT
TCGA-E9-A1RH-01,BRCA_Her2,STAGE II,M0,N0,T2,46.58579084,0,46.58579084,0,46.58579084,0,46.58579084,0,HER2+,BRCA_Her2,MUT,MUT,WT,WT,WT
TCGA-E9-A1RI-01,BRCA_LumA,STAGE III,M0,N+,T1,47.63783411,0,47.63783411,0,47.63783411,0,47.63783411,0,HER2-,BRCA_LumA,WT,MUT,WT,WT,WT
TCGA-E9-A226-01,BRCA_LumB,STAGE III,M0,N+,T2,34.45441694,1,34.45441694,1,25.97231811,1,25.97231811,1,,BRCA_LumB,MUT,MUT,WT,WT,WT
TCGA-E9-A227-01,BRCA_LumA,STAGE II,M0,N+,T2,32.05444324,0,32.05444324,0,32.05444324,0,32.05444324,0,HER2-,BRCA_LumA,WT,MUT,WT,WT,WT
TCGA-E9-A228-01,BRCA_LumB,STAGE II,M0,N+,T2,42.24611237,0,42.24611237,0,42.24611237,0,42.24611237,0,,BRCA_LumB,WT,WT,WT,WT,WT
TCGA-E9-A229-01,BRCA_LumA,STAGE I,M0,N0,T1,37.74205214,0,37.74205214,0,37.74205214,0,37.74205214,0,HER2-,BRCA_LumA,WT,MUT,WT,WT,WT
TCGA-E9-A22A-01,BRCA_LumB,STAGE II,M0,N0,T2,39.08998258,0,39.08998258,0,39.08998258,0,39.08998258,0,,BRCA_LumB,WT,WT,WT,WT,WT
TCGA-E9-A22B-01,BRCA_LumA,STAGE I,M0,N0,T1,38.36670283,0,38.36670283,0,38.36670283,0,38.36670283,0,HER2-,BRCA_LumA,WT,WT,WT,WT,WT
TCGA-E9-A22D-01,BRCA_LumB,STAGE II,M0,N0,T2,41.02968735,0,41.02968735,0,41.02968735,0,41.02968735,0,,BRCA_LumB,WT,WT,WT,WT,WT
TCGA-E9-A22E-01,BRCA_LumB,STAGE III,M0,N+,T2,41.72009074,0,41.72009074,0,41.72009074,0,41.72009074,0,,BRCA_LumB,MUT,WT,WT,WT,WT
TCGA-E9-A22G-01,BRCA_Basal,STAGE II,M0,N0,T2,40.73380018,0,40.73380018,0,40.73380018,0,40.73380018,0,HER2-,BRCA_Basal,MUT,WT,WT,WT,WT
TCGA-E9-A22H-01,BRCA_LumB,STAGE II,M0,N+,T2,40.50366571,0,40.50366571,0,40.50366571,0,40.50366571,0,,BRCA_LumB,WT,WT,WT,WT,WT
TCGA-E9-A243-01,BRCA_Basal,STAGE II,M0,N0,T2,20.12032745,0,20.12032745,0,10.02728737,1,10.02728737,1,HER2-,BRCA_Basal,MUT,WT,WT,WT,WT
TCGA-E9-A244-01,BRCA_Basal,STAGE II,M0,N0,T2,0.690403393,0,0.690403393,0,0.690403393,0,0.690403393,0,HER2-,BRCA_Basal,MUT,WT,WT,WT,WT
TCGA-E9-A245-01,BRCA_LumA,STAGE II,M0,N+,T2,0.854785153,0,0.854785153,0,0.854785153,0,0.854785153,0,HER2-,BRCA_LumA,WT,WT,WT,WT,WT
TCGA-E9-A247-01,BRCA_LumA,STAGE I,M0,N0,T1,38.99135352,0,38.99135352,0,38.99135352,0,38.99135352,0,HER2-,BRCA_LumA,WT,WT,WT,WT,WT
TCGA-E9-A248-01,BRCA_Her2,STAGE II,M0,N0,T2,1.93970477,0,1.93970477,0,1.93970477,0,1.93970477,0,HER2+,BRCA_Her2,MUT,WT,WT,WT,WT
TCGA-E9-A249-01,BRCA_LumB,STAGE II,M0,N0,T2,7.134168393,0,7.134168393,0,7.134168393,0,7.134168393,0,,BRCA_LumB,WT,MUT,WT,WT,WT
TCGA-E9-A24A-01,BRCA_LumA,STAGE II,M0,N+,T1,24.55863497,0,24.55863497,0,24.55863497,0,24.55863497,0,HER2-,BRCA_LumA,WT,WT,WT,WT,WT
TCGA-E9-A295-01,BRCA_LumA,STAGE II,M0,N0,T2,12.32863202,0,12.32863202,0,12.32863202,0,12.32863202,0,HER2-,BRCA_LumA,WT,MUT,WT,WT,WT
TCGA-E9-A2JS-01,BRCA_LumB,STAGE II,M0,N+,T2,29.72022224,1,29.72022224,1,17.22720847,1,17.22720847,1,,BRCA_LumB,WT,WT,WT,WT,WT
TCGA-E9-A2JT-01,BRCA_LumA,STAGE II,M0,N0,T2,9.468389388,0,9.468389388,0,9.468389388,0,9.468389388,0,HER2-,BRCA_LumA,WT,WT,WT,WT,WT
TCGA-E9-A3HO-01,BRCA_LumB,STAGE II,M0,N0,T2,38.07081566,0,38.07081566,0,38.07081566,0,38.07081566,0,,BRCA_LumB,WT,WT,WT,MUT,MUT
TCGA-E9-A3Q9-01,NA,STAGE III,M0,N+,T3,32.90922839,0,32.90922839,0,32.90922839,0,32.90922839,0,,,WT,WT,WT,WT,WT
TCGA-E9-A3QA-01,BRCA_Basal,STAGE II,M0,N0,T2,30.18049117,0,30.18049117,0,30.18049117,0,30.18049117,0,HER2-,BRCA_Basal,WT,WT,WT,WT,WT
TCGA-E9-A3X8-01,BRCA_LumA,STAGE II,M0,N+,T2,30.44350199,0,30.44350199,0,30.44350199,0,30.44350199,0,HER2-,BRCA_LumA,WT,MUT,WT,WT,WT
TCGA-E9-A54X-01,NA,STAGE I,M0,N0,T1,23.90110793,0,23.90110793,0,23.90110793,0,23.90110793,0,,,WT,WT,WT,WT,WT
TCGA-E9-A54Y-01,BRCA_LumB,STAGE III,M0,N+,T2,23.83535523,0,23.83535523,0,23.83535523,0,23.83535523,0,,BRCA_LumB,WT,WT,WT,WT,MUT
TCGA-E9-A5FK-01,BRCA_LumA,STAGE III,M0,N+,T2,26.69559786,0,26.69559786,0,26.69559786,0,26.69559786,0,HER2-,BRCA_LumA,WT,WT,WT,WT,WT
TCGA-E9-A5FL-01,BRCA_Basal,STAGE II,M0,N0,T3,0.789032449,0,0.789032449,0,0.789032449,0,0.789032449,0,HER2-,BRCA_Basal,MUT,WT,WT,WT,WT
TCGA-E9-A5UO-01,BRCA_LumB,STAGE II,M0,N0,T2,25.80793635,0,25.80793635,0,25.80793635,0,25.80793635,0,,BRCA_LumB,WT,WT,WT,WT,WT
TCGA-E9-A5UP-01,NA,STAGE II,M0,N0,T2,26.39971069,0,26.39971069,0,26.39971069,0,26.39971069,0,,,WT,WT,WT,WT,WT
TCGA-E9-A6HE-01,BRCA_LumA,STAGE III,MX,N+,T3,27.84627018,0,27.84627018,0,27.84627018,0,27.84627018,0,HER2-,BRCA_LumA,MUT,WT,WT,WT,WT
TCGA-EW-A1IW-01,BRCA_LumA,STAGE II,MX,N+,T2,12.19712661,0,12.19712661,0,12.19712661,0,12.19712661,0,HER2-,BRCA_LumA,WT,MUT,WT,WT,WT
TCGA-EW-A1IX-01,BRCA_LumA,STAGE II,MX,N+,T1,39.71463326,0,39.71463326,0,39.71463326,0,39.71463326,0,HER2-,BRCA_LumA,WT,MUT,WT,WT,WT
TCGA-EW-A1IY-01,BRCA_LumB,STAGE I,MX,N0,T1,8.482098826,0,8.482098826,0,8.482098826,0,8.482098826,0,,BRCA_LumB,WT,WT,WT,WT,WT
TCGA-EW-A1IZ-01,BRCA_LumA,STAGE III,MX,N+,T2,18.21349903,0,18.21349903,0,18.21349903,0,18.21349903,0,HER2-,BRCA_LumA,WT,MUT,WT,WT,WT
TCGA-EW-A1J1-01,BRCA_LumA,STAGE II,M0,N+,T2,18.90390242,0,18.90390242,0,18.90390242,0,18.90390242,0,HER2-,BRCA_LumA,WT,MUT,WT,WT,WT
TCGA-EW-A1J2-01,BRCA_LumA,STAGE II,MX,N+,T1,13.24916987,0,13.24916987,0,13.24916987,0,13.24916987,0,HER2-,BRCA_LumA,WT,MUT,WT,WT,WT
TCGA-EW-A1J3-01,BRCA_LumA,STAGE I,M0,N0,T1,16.56968143,0,16.56968143,0,16.56968143,0,16.56968143,0,HER2-,BRCA_LumA,WT,WT,WT,WT,WT
TCGA-EW-A1J5-01,BRCA_LumA,STAGE II,M0,N0,T3,15.68201992,0,15.68201992,0,15.68201992,0,15.68201992,0,HER2-,BRCA_LumA,WT,MUT,WT,WT,WT
TCGA-EW-A1J6-01,BRCA_LumB,STAGE I,M0,N0,T1,28.76680804,0,28.76680804,0,28.76680804,0,28.76680804,0,,BRCA_LumB,WT,WT,WT,WT,WT
TCGA-EW-A1OV-01,BRCA_Her2,STAGE II,MX,N+,T2,25.93944176,0,25.93944176,0,25.93944176,0,25.93944176,0,HER2+,BRCA_Her2,WT,MUT,WT,WT,WT
TCGA-EW-A1OW-01,NA,STAGE II,MX,N0,T2,22.81618832,0,22.81618832,0,22.81618832,0,22.81618832,0,,,WT,WT,WT,WT,WT
TCGA-EW-A1OX-01,BRCA_LumB,STAGE II,MX,N0,T2,29.95035671,0,29.95035671,0,29.95035671,0,29.95035671,0,,BRCA_LumB,WT,WT,WT,WT,WT
TCGA-EW-A1OY-01,BRCA_LumB,STAGE II,MX,N0,T2,29.85172765,0,29.85172765,0,29.85172765,0,29.85172765,0,,BRCA_LumB,MUT,WT,WT,WT,WT
TCGA-EW-A1OZ-01,BRCA_LumB,STAGE II,M0,N0,T2,40.40503666,0,40.40503666,0,40.40503666,0,40.40503666,0,,BRCA_LumB,MUT,WT,WT,WT,WT
TCGA-EW-A1P0-01,BRCA_LumB,STAGE II,MX,N+,T2,41.1283164,0,41.1283164,0,35.96672913,1,35.96672913,1,,BRCA_LumB,WT,MUT,WT,WT,WT
TCGA-EW-A1P1-01,BRCA_Normal,STAGE III,MX,N+,T2,39.78038597,0,39.78038597,0,33.33662097,1,33.33662097,1,,,MUT,WT,WT,WT,WT
TCGA-EW-A1P3-01,BRCA_LumA,STAGE II,MX,N0,T2,52.96380314,0,52.96380314,0,52.96380314,0,52.96380314,0,HER2-,BRCA_LumA,WT,WT,WT,WT,WT
TCGA-EW-A1P4-01,BRCA_Basal,STAGE II,M0,N0,T2,29.8188513,0,29.8188513,0,29.8188513,0,29.8188513,0,HER2-,BRCA_Basal,MUT,WT,WT,WT,WT
TCGA-EW-A1P5-01,BRCA_LumA,STAGE II,M0,N+,T2,23.11207548,0,23.11207548,0,23.11207548,0,23.11207548,0,HER2-,BRCA_LumA,WT,MUT,WT,WT,WT
TCGA-EW-A1P6-01,BRCA_LumA,STAGE II,M0,N+,T2,18.47650985,0,18.47650985,0,0,0,18.47650985,0,HER2-,BRCA_LumA,WT,WT,WT,WT,WT
TCGA-EW-A1P7-01,BRCA_Normal,STAGE II,M0,N0,T2,30.08186212,0,30.08186212,0,23.96686064,1,23.96686064,1,,,WT,WT,WT,WT,WT
TCGA-EW-A1P8-01,BRCA_Basal,STAGE III,M0,N+,T2,7.857448138,1,7.857448138,1,6.805404872,1,6.805404872,1,HER2-,BRCA_Basal,MUT,WT,WT,WT,WT
TCGA-EW-A1PA-01,BRCA_LumA,STAGE II,M0,N+,T2,18.90390242,0,18.90390242,0,18.90390242,0,18.90390242,0,HER2-,BRCA_LumA,MUT,WT,WT,WT,WT
TCGA-EW-A1PB-01,BRCA_Basal,STAGE III,MX,N+,T3,19.98882204,0,19.98882204,0,19.98882204,0,19.98882204,0,HER2-,BRCA_Basal,MUT,WT,WT,WT,WT
TCGA-EW-A1PC-01,NA,STAGE II,MX,N0,T3,6.147877832,0,6.147877832,0,6.147877832,0,6.147877832,0,,,WT,WT,WT,WT,WT
TCGA-EW-A1PD-01,NA,STAGE II,M0,N+,T1,13.93957327,0,13.93957327,0,13.93957327,0,13.93957327,0,,,WT,WT,MUT,MUT,WT
TCGA-EW-A1PE-01,BRCA_LumA,STAGE II,M0,N+,T1,10.52043265,0,10.52043265,0,10.52043265,0,10.52043265,0,HER2-,BRCA_LumA,WT,MUT,WT,WT,MUT
TCGA-EW-A1PF-01,NA,STAGE I,M0,N0,T1,14.43271855,0,14.43271855,0,14.43271855,0,14.43271855,0,,,WT,WT,WT,WT,WT
TCGA-EW-A1PG-01,BRCA_Normal,STAGE II,MX,N+,T2,34.55304599,0,34.55304599,0,34.55304599,0,34.55304599,0,,,WT,WT,WT,WT,WT
TCGA-EW-A1PH-01,BRCA_Basal,STAGE II,M0,N+,T1,19.95594569,0,19.95594569,0,19.95594569,0,19.95594569,0,HER2-,BRCA_Basal,MUT,WT,WT,WT,WT
TCGA-EW-A2FR-01,BRCA_Her2,STAGE III,MX,N+,T1,55.00213696,0,55.00213696,0,55.00213696,0,55.00213696,0,HER2+,BRCA_Her2,MUT,WT,MUT,WT,MUT
TCGA-EW-A2FS-01,BRCA_LumA,STAGE II,MX,N+,T2,52.73366867,0,52.73366867,0,52.73366867,0,52.73366867,0,HER2-,BRCA_LumA,WT,WT,WT,WT,WT
TCGA-EW-A2FV-01,BRCA_LumA,STAGE III,MX,N+,T3,25.90656541,0,25.90656541,0,25.90656541,0,25.90656541,0,HER2-,BRCA_LumA,WT,MUT,MUT,WT,WT
TCGA-EW-A2FW-01,BRCA_LumB,STAGE II,MX,N0,T2,22.09290857,0,22.09290857,0,22.09290857,0,22.09290857,0,,BRCA_LumB,WT,WT,WT,WT,WT
TCGA-EW-A3E8-01,NA,STAGE II,MX,N0,T3,34.02702436,0,34.02702436,0,34.02702436,0,34.02702436,0,,,WT,WT,WT,WT,WT
TCGA-EW-A3U0-01,NA,STAGE III,M0,N+,T3,17.49021929,0,17.49021929,0,17.49021929,0,17.49021929,0,,,WT,WT,WT,WT,WT
TCGA-EW-A423-01,BRCA_LumA,STAGE II,MX,N0,T2,17.52309564,0,17.52309564,0,17.52309564,0,17.52309564,0,HER2-,BRCA_LumA,WT,MUT,WT,WT,WT
TCGA-EW-A424-01,NA,STAGE III,MX,N+,T3,23.50659171,0,23.50659171,0,23.50659171,0,23.50659171,0,,,WT,WT,WT,WT,WT
TCGA-EW-A6S9-01,BRCA_LumA,STAGE II,M0,N+,T1,15.221751,0,15.221751,0,0,0,15.221751,0,HER2-,BRCA_LumA,MUT,WT,WT,WT,WT
TCGA-EW-A6SA-01,NA,STAGE II,MX,N0,T2,16.76693954,0,16.76693954,0,16.76693954,0,16.76693954,0,,,WT,WT,WT,WT,WT
TCGA-EW-A6SB-01,BRCA_Basal,STAGE II,M0,N0,T2,24.98602755,0,24.98602755,0,24.98602755,0,24.98602755,0,HER2-,BRCA_Basal,MUT,WT,WT,WT,WT
TCGA-EW-A6SC-01,BRCA_LumA,STAGE II,M0,N0,T2,31.29828714,0,31.29828714,0,31.29828714,0,31.29828714,0,HER2-,BRCA_LumA,WT,MUT,WT,WT,WT
TCGA-EW-A6SD-01,BRCA_Her2,STAGE II,M0,N+,T2,33.20511556,0,33.20511556,0,33.20511556,0,33.20511556,0,HER2+,BRCA_Her2,MUT,WT,WT,WT,WT
TCGA-GI-A2C8-01,BRCA_LumA,STAGE III,MX,N0,T4,7.397179209,0,7.397179209,0,7.397179209,0,7.397179209,0,HER2-,BRCA_LumA,WT,WT,WT,WT,WT
TCGA-GI-A2C9-01,NA,STAGE II,MX,N0,T3,109.8727685,0,109.8727685,0,109.8727685,0,109.8727685,0,,,WT,WT,WT,WT,WT
TCGA-GM-A2D9-01,BRCA_LumA,STAGE I,M0,N0,T1,59.5719499,1,59.5719499,1,17.62172469,1,17.62172469,1,HER2-,BRCA_LumA,WT,MUT,WT,WT,MUT
TCGA-GM-A2DA-01,BRCA_LumA,STAGE II,M0,N+,T2,216.753789,1,216.753789,1,99.08932505,1,99.08932505,1,HER2-,BRCA_LumA,WT,WT,WT,WT,WT
TCGA-GM-A2DB-01,BRCA_Her2,STAGE II,M0,N0,T2,79.10050301,0,79.10050301,0,79.10050301,0,79.10050301,0,HER2+,BRCA_Her2,MUT,WT,WT,WT,WT
TCGA-GM-A2DC-01,BRCA_LumA,STAGE II,M0,N+,T1,83.34155242,0,83.34155242,0,83.34155242,0,83.34155242,0,HER2-,BRCA_LumA,WT,WT,WT,WT,WT
TCGA-GM-A2DD-01,BRCA_Normal,STAGE I,M0,N0,T1,75.02383536,0,75.02383536,0,75.02383536,0,75.02383536,0,,,MUT,MUT,WT,WT,WT
TCGA-GM-A2DF-01,BRCA_Basal,STAGE II,M0,N+,T1,70.84853865,0,70.84853865,0,70.84853865,0,70.84853865,0,HER2-,BRCA_Basal,MUT,WT,WT,WT,WT
TCGA-GM-A2DH-01,BRCA_Her2,STAGE I,M0,N0,T1,72.09784002,0,72.09784002,0,72.09784002,0,72.09784002,0,HER2+,BRCA_Her2,MUT,MUT,WT,WT,WT
TCGA-GM-A2DI-01,BRCA_LumA,STAGE I,M0,N0,T1,85.14975178,0,85.14975178,0,85.14975178,0,85.14975178,0,HER2-,BRCA_LumA,WT,MUT,WT,WT,WT
TCGA-GM-A2DK-01,BRCA_LumA,STAGE I,M0,N0,T1,86.95795115,0,86.95795115,0,86.95795115,0,86.95795115,0,HER2-,BRCA_LumA,WT,WT,WT,WT,WT
TCGA-GM-A2DL-01,BRCA_LumA,STAGE I,M0,N0,T1,115.6918828,0,115.6918828,0,115.6918828,0,115.6918828,0,HER2-,BRCA_LumA,MUT,WT,WT,WT,WT
TCGA-GM-A2DM-01,BRCA_LumA,STAGE II,M0,N0,T2,106.0591117,0,106.0591117,0,106.0591117,0,106.0591117,0,HER2-,BRCA_LumA,WT,WT,WT,WT,WT
TCGA-GM-A2DN-01,BRCA_LumA,STAGE II,M0,N0,T2,101.6208042,0,101.6208042,0,101.6208042,0,101.6208042,0,HER2-,BRCA_LumA,WT,WT,WT,WT,WT
TCGA-GM-A2DO-01,BRCA_LumB,STAGE I,M0,N0,T1,85.3470099,0,85.3470099,0,85.3470099,0,85.3470099,0,,BRCA_LumB,WT,WT,WT,WT,WT
TCGA-GM-A3NW-01,BRCA_LumA,STAGE II,M0,N0,T2,110.4974192,0,110.4974192,0,110.4974192,0,110.4974192,0,HER2-,BRCA_LumA,WT,MUT,WT,WT,WT
TCGA-GM-A3NY-01,NA,STAGE II,M0,N+,T2,38.20232107,0,38.20232107,0,38.20232107,0,38.20232107,0,,,WT,WT,WT,WT,WT
TCGA-GM-A3XG-01,NA,STAGE III,M0,N+,T3,43.72554821,0,43.72554821,0,43.72554821,0,43.72554821,0,,,#N/A,#N/A,#N/A,#N/A,#N/A
TCGA-GM-A3XL-01,BRCA_Basal,STAGE II,M0,N0,T2,69.3033501,0,69.3033501,0,69.3033501,0,69.3033501,0,HER2-,BRCA_Basal,MUT,WT,WT,WT,WT
TCGA-GM-A3XN-01,NA,STAGE III,M0,N+,T1,66.37735477,0,66.37735477,0,66.37735477,0,66.37735477,0,,,#N/A,#N/A,#N/A,#N/A,#N/A
TCGA-GM-A4E0-01,BRCA_LumA,STAGE III,M0,N+,T3,72.03208732,0,72.03208732,0,72.03208732,0,72.03208732,0,HER2-,BRCA_LumA,WT,WT,WT,WT,WT
TCGA-GM-A5PV-01,BRCA_LumA,STAGE II,M0,N+,T2,13.54505704,0,13.54505704,0,13.54505704,0,13.54505704,0,HER2-,BRCA_LumA,WT,WT,WT,WT,WT
TCGA-GM-A5PX-01,BRCA_LumA,STAGE II,M0,N+,T2,18.11486997,0,18.11486997,0,18.11486997,0,18.11486997,0,HER2-,BRCA_LumA,WT,WT,WT,WT,WT
TCGA-HN-A2NL-01,BRCA_Basal,STAGE II,M0,N0,T2,2.597231811,0,2.597231811,0,2.597231811,0,2.597231811,0,HER2-,BRCA_Basal,WT,WT,WT,WT,WT
TCGA-HN-A2OB-01,BRCA_LumA,STAGE II,M0,N+,T2,62.46506888,1,62.46506888,1,50.7282112,1,50.7282112,1,HER2-,BRCA_LumA,WT,MUT,WT,WT,WT
TCGA-JL-A3YW-01,NA,STAGE II,M0,N+,T2,11.83548673,0,11.83548673,0,11.83548673,0,11.83548673,0,,,WT,WT,WT,WT,WT
TCGA-JL-A3YX-01,BRCA_LumA,STAGE II,M0,N0,T2,11.57247592,0,11.57247592,0,11.57247592,0,11.57247592,0,HER2-,BRCA_LumA,WT,MUT,WT,WT,WT
TCGA-LD-A66U-01,BRCA_LumA,STAGE II,MX,N+,T2,21.23812342,0,21.23812342,0,21.23812342,0,21.23812342,0,HER2-,BRCA_LumA,WT,MUT,WT,WT,WT
TCGA-LD-A74U-01,BRCA_LumA,STAGE III,M0,N+,T3,13.21629352,0,13.21629352,0,13.21629352,0,13.21629352,0,HER2-,BRCA_LumA,MUT,MUT,WT,WT,MUT
TCGA-LD-A7W5-01,BRCA_LumA,STAGE III,M0,N+,T2,7.101292041,0,7.101292041,0,0,0,7.101292041,0,HER2-,BRCA_LumA,MUT,WT,WT,WT,WT
TCGA-LD-A7W6-01,BRCA_LumA,STAGE II,M0,N+,T2,13.28204622,0,13.28204622,0,13.28204622,0,13.28204622,0,HER2-,BRCA_LumA,WT,WT,WT,WT,WT
TCGA-LD-A9QF-01,BRCA_Normal,STAGE I,M0,N0,T1,10.61906171,0,10.61906171,0,10.61906171,0,10.61906171,0,,,WT,WT,WT,WT,WT
TCGA-LL-A440-01,BRCA_LumA,STAGE I,MX,N0,T1,24.9531512,0,24.9531512,0,24.9531512,0,24.9531512,0,HER2-,BRCA_LumA,WT,WT,WT,WT,WT
TCGA-LL-A441-01,NA,STAGE I,MX,N0,T1,32.74484663,0,32.74484663,0,32.74484663,0,32.74484663,0,,,WT,WT,WT,WT,WT
TCGA-LL-A442-01,NA,STAGE II,MX,N0,T2,29.22707696,0,29.22707696,0,29.22707696,0,29.22707696,0,,,#N/A,#N/A,#N/A,#N/A,#N/A
TCGA-LL-A50Y-01,BRCA_LumA,STAGE II,MX,N0,T2,25.05178025,0,25.05178025,0,25.05178025,0,25.05178025,0,HER2-,BRCA_LumA,WT,MUT,WT,WT,WT
TCGA-LL-A5YL-01,BRCA_LumA,STAGE II,MX,N+,T2,17.06282671,0,17.06282671,0,17.06282671,0,17.06282671,0,HER2-,BRCA_LumA,WT,WT,WT,WT,WT
TCGA-LL-A5YM-01,BRCA_LumB,STAGE III,M0,NX,T4,15.32038005,0,15.32038005,0,8.482098826,1,8.482098826,1,,BRCA_LumB,WT,WT,WT,WT,WT
TCGA-LL-A5YN-01,BRCA_LumA,STAGE II,M0,N0,T2,14.69572936,0,14.69572936,0,14.69572936,0,14.69572936,0,HER2-,BRCA_LumA,WT,MUT,WT,WT,WT
TCGA-LL-A5YO-01,BRCA_Her2,STAGE I,MX,N0,T1,14.4655949,0,14.4655949,0,14.4655949,0,14.4655949,0,HER2+,BRCA_Her2,MUT,WT,WT,WT,WT
TCGA-LL-A5YP-01,BRCA_Basal,STAGE II,M0,N+,T2,14.79435842,0,14.79435842,0,14.79435842,0,14.79435842,0,HER2-,BRCA_Basal,MUT,WT,WT,WT,MUT
TCGA-LL-A6FP-01,BRCA_LumA,STAGE II,MX,NX,T2,22.25729033,0,22.25729033,0,22.25729033,0,22.25729033,0,HER2-,BRCA_LumA,WT,MUT,WT,WT,WT
TCGA-LL-A6FQ-01,BRCA_LumA,STAGE III,MX,N+,T2,2.630108163,0,2.630108163,0,2.630108163,0,2.630108163,0,HER2-,BRCA_LumA,WT,WT,WT,WT,WT
TCGA-LL-A6FR-01,BRCA_Basal,STAGE II,MX,N0,T2,16.07653615,0,16.07653615,0,16.07653615,0,16.07653615,0,HER2-,BRCA_Basal,MUT,WT,WT,WT,WT
TCGA-LL-A73Y-01,BRCA_Basal,STAGE I,MX,N0,T1,15.68201992,0,15.68201992,0,15.68201992,0,15.68201992,0,HER2-,BRCA_Basal,MUT,WT,WT,WT,MUT
TCGA-LL-A73Z-01,BRCA_Normal,STAGE IV,M1,NX,T1,7.462931913,1,7.462931913,1,0,0,6.312259592,1,,,WT,WT,WT,WT,WT
TCGA-LL-A740-01,BRCA_LumA,STAGE I,MX,N0,T1,14.49847125,0,14.49847125,0,14.49847125,0,14.49847125,0,HER2-,BRCA_LumA,WT,WT,MUT,WT,WT
TCGA-LL-A7SZ-01,BRCA_LumA,STAGE II,MX,N+,T2,19.52855311,0,19.52855311,0,19.52855311,0,19.52855311,0,HER2-,BRCA_LumA,MUT,WT,WT,WT,WT
TCGA-LL-A7T0-01,BRCA_LumB,STAGE II,M0,N+,T2,12.36150837,0,12.36150837,0,12.36150837,0,12.36150837,0,,BRCA_LumB,WT,MUT,WT,WT,WT
TCGA-LL-A8F5-01,BRCA_Basal,STAGE II,MX,N0,T2,19.59430582,0,19.59430582,0,19.59430582,0,19.59430582,0,HER2-,BRCA_Basal,MUT,WT,WT,WT,MUT
TCGA-LL-A9Q3-01,BRCA_LumA,STAGE III,MX,N+,T3,17.49021929,0,17.49021929,0,17.49021929,0,17.49021929,0,HER2-,BRCA_LumA,WT,MUT,WT,WT,WT
TCGA-LQ-A4E4-01,NA,STAGE III,MX,N+,T3,27.91202288,0,27.91202288,0,0,0,22.38879574,1,,,#N/A,#N/A,#N/A,#N/A,#N/A
TCGA-MS-A51U-01,NA,STAGE II,M0,N+,T2,22.38879574,0,22.38879574,0,22.38879574,0,22.38879574,0,,,WT,WT,WT,WT,WT
TCGA-OK-A5Q2-01,BRCA_LumA,STAGE II,MX,N+,T2,2.104086531,0,2.104086531,0,2.104086531,0,2.104086531,0,HER2-,BRCA_LumA,WT,MUT,WT,WT,WT
TCGA-OL-A5D6-01,BRCA_Normal,STAGE II,MX,N0,T2,36.29549265,1,36.29549265,0,36.29549265,0,36.29549265,0,,,MUT,MUT,MUT,WT,WT
TCGA-OL-A5D7-01,BRCA_Basal,STAGE II,MX,N0,T2,58.51990663,0,58.51990663,0,58.51990663,0,58.51990663,0,HER2-,BRCA_Basal,MUT,WT,WT,WT,WT
TCGA-OL-A5D8-01,BRCA_LumA,STAGE II,MX,N0,T3,31.98869054,0,31.98869054,0,0,0,31.98869054,0,HER2-,BRCA_LumA,WT,WT,WT,WT,WT
TCGA-OL-A5DA-01,BRCA_LumA,STAGE II,MX,N0,T2,58.61853569,0,58.61853569,0,58.61853569,0,58.61853569,0,HER2-,BRCA_LumA,WT,MUT,WT,WT,WT
TCGA-OL-A5RU-01,BRCA_LumA,STAGE II,MX,N+,T1,40.07627314,0,40.07627314,0,40.07627314,0,40.07627314,0,HER2-,BRCA_LumA,WT,WT,WT,WT,WT
TCGA-OL-A5RV-01,BRCA_LumA,STAGE III,MX,N+,T2,34.91468587,0,34.91468587,0,34.91468587,0,34.91468587,0,HER2-,BRCA_LumA,WT,WT,WT,WT,WT
TCGA-OL-A5RW-01,BRCA_Basal,STAGE II,MX,N+,T1,36.36124536,0,36.36124536,0,36.36124536,0,36.36124536,0,HER2-,BRCA_Basal,MUT,WT,WT,WT,WT
TCGA-OL-A5RX-01,BRCA_LumA,STAGE I,MX,N0,T1,28.86543709,0,28.86543709,0,28.86543709,0,28.86543709,0,HER2-,BRCA_LumA,WT,MUT,WT,WT,WT
TCGA-OL-A5RY-01,BRCA_Normal,STAGE II,MX,N+,T1,24.72301673,0,24.72301673,0,24.72301673,0,24.72301673,0,,,WT,WT,WT,WT,WT
TCGA-OL-A5RZ-01,BRCA_Her2,STAGE I,MX,N0,T1,22.32304304,0,22.32304304,0,22.32304304,0,22.32304304,0,HER2+,BRCA_Her2,WT,WT,WT,WT,WT
TCGA-OL-A5S0-01,BRCA_Basal,STAGE II,MX,N+,T2,20.38333827,0,20.38333827,0,20.38333827,0,20.38333827,0,HER2-,BRCA_Basal,WT,MUT,WT,WT,WT
TCGA-OL-A66H-01,BRCA_LumA,STAGE I,MX,N+,T1,26.68419323,0,0,0,0,0,0,0,HER2-,BRCA_LumA,WT,WT,WT,WT,WT
TCGA-OL-A66I-01,BRCA_Basal,STAGE II,MX,N+,T1,23.47371536,0,23.47371536,0,23.47371536,0,23.47371536,0,HER2-,BRCA_Basal,MUT,WT,WT,WT,WT
TCGA-OL-A66J-01,BRCA_LumA,STAGE I,MX,N0,T1,65.62119867,0,65.62119867,0,65.62119867,0,65.62119867,0,HER2-,BRCA_LumA,WT,WT,WT,WT,WT
TCGA-OL-A66K-01,BRCA_LumA,STAGE II,MX,N0,T2,41.91734885,1,41.91734885,0,41.91734885,0,41.91734885,0,HER2-,BRCA_LumA,WT,WT,WT,WT,WT
TCGA-OL-A66L-01,BRCA_LumA,STAGE I,MX,N0,T1,42.772134,0,42.772134,0,42.772134,0,42.772134,0,HER2-,BRCA_LumA,WT,MUT,WT,WT,WT
TCGA-OL-A66N-01,BRCA_LumA,STAGE III,MX,N+,T3,26.03807082,0,26.03807082,0,26.03807082,0,26.03807082,0,HER2-,BRCA_LumA,WT,WT,MUT,WT,WT
TCGA-OL-A66O-01,BRCA_LumA,STAGE II,MX,N+,T2,17.35871388,0,17.35871388,0,17.35871388,0,17.35871388,0,HER2-,BRCA_LumA,WT,WT,WT,WT,WT
TCGA-OL-A66P-01,BRCA_Her2,STAGE II,MX,N0,T2,14.07107867,0,14.07107867,0,14.07107867,0,14.07107867,0,HER2+,BRCA_Her2,WT,WT,WT,WT,WT
TCGA-OL-A6VO-01,BRCA_Basal,STAGE I,MX,N0,T1,28.20791005,0,28.20791005,0,28.20791005,0,28.20791005,0,HER2-,BRCA_Basal,MUT,WT,WT,WT,WT
TCGA-OL-A6VQ-01,BRCA_LumA,STAGE II,MX,N0,T2,19.72581122,0,19.72581122,0,19.72581122,0,19.72581122,0,HER2-,BRCA_LumA,WT,MUT,WT,WT,WT
TCGA-OL-A6VR-01,BRCA_LumA,STAGE I,MX,N0,T1,40.10914949,0,40.10914949,0,40.10914949,0,40.10914949,0,HER2-,BRCA_LumA,WT,WT,WT,WT,WT
TCGA-OL-A97C-01,BRCA_Normal,STAGE II,M0,N0,T3,8.909491403,0,8.909491403,0,0,0,9.040996811,1,,,WT,WT,WT,WT,WT
TCGA-PE-A5DC-01,BRCA_LumA,STAGE III,M0,N+,T2,47.01318342,1,47.01318342,0,0,0,47.01318342,0,HER2-,BRCA_LumA,WT,WT,WT,WT,WT
TCGA-PE-A5DD-01,BRCA_LumA,STAGE II,M0,N0,T2,64.20751553,0,64.20751553,0,64.20751553,0,64.20751553,0,HER2-,BRCA_LumA,WT,MUT,WT,WT,WT
TCGA-PE-A5DE-01,BRCA_LumA,STAGE II,M0,N0,T2,86.95795115,0,86.95795115,0,0,0,86.95795115,0,HER2-,BRCA_LumA,MUT,MUT,WT,WT,MUT
TCGA-PL-A8LV-01,BRCA_Basal,STAGE III,M0,N0,T4,0,0,0,0,0,0,0,0,HER2-,BRCA_Basal,MUT,WT,WT,WT,WT
TCGA-PL-A8LX-01,BRCA_LumA,STAGE IV,M1,N+,T4,0.16438176,0,0.16438176,0,0,0,0.16438176,0,HER2-,BRCA_LumA,WT,WT,WT,WT,WT
TCGA-PL-A8LY-01,BRCA_Normal,STAGE II,M0,N0,T3,0.263010816,0,0.263010816,0,0,0,0.263010816,0,,,WT,WT,WT,WT,WT
TCGA-PL-A8LZ-01,BRCA_Basal,STAGE III,M0,N+,T4,9.928658316,0,9.928658316,0,0,0,9.928658316,0,HER2-,BRCA_Basal,MUT,WT,WT,WT,WT
TCGA-S3-A6ZF-01,BRCA_LumB,STAGE II,M0,N0,T2,18.80527337,0,18.80527337,0,18.80527337,0,18.80527337,0,,BRCA_LumB,WT,WT,WT,WT,WT
TCGA-S3-A6ZG-01,BRCA_LumA,STAGE II,M0,N+,T2,18.47650985,0,18.47650985,0,18.47650985,0,18.47650985,0,HER2-,BRCA_LumA,WT,WT,WT,WT,WT
TCGA-S3-A6ZH-01,BRCA_LumA,STAGE III,MX,N+,T3,21.07374166,0,21.07374166,0,21.07374166,0,21.07374166,0,HER2-,BRCA_LumA,WT,WT,WT,WT,WT
TCGA-S3-AA0Z-01,BRCA_Basal,STAGE II,M0,N+,T2,20.67922543,0,20.67922543,0,20.67922543,0,20.67922543,0,HER2-,BRCA_Basal,MUT,WT,WT,MUT,WT
TCGA-S3-AA10-01,BRCA_Basal,STAGE II,M0,N0,T2,19.2655423,0,19.2655423,0,19.2655423,0,19.2655423,0,HER2-,BRCA_Basal,MUT,WT,WT,MUT,WT
TCGA-S3-AA11-01,BRCA_LumA,STAGE II,M0,N0,T2,13.84094421,0,13.84094421,0,13.84094421,0,13.84094421,0,HER2-,BRCA_LumA,WT,MUT,WT,WT,WT
TCGA-S3-AA12-01,BRCA_LumA,STAGE III,MX,N+,T3,18.87102607,0,18.87102607,0,18.87102607,0,18.87102607,0,HER2-,BRCA_LumA,WT,WT,WT,WT,WT
TCGA-S3-AA14-01,BRCA_LumA,STAGE I,M0,N0,T1,17.39159023,0,17.39159023,0,17.39159023,0,17.39159023,0,HER2-,BRCA_LumA,WT,MUT,WT,WT,WT
TCGA-S3-AA15-01,BRCA_Basal,STAGE II,M0,N+,T2,17.26008482,0,17.26008482,0,17.26008482,0,17.26008482,0,HER2-,BRCA_Basal,WT,WT,WT,WT,MUT
TCGA-S3-AA17-01,BRCA_LumB,STAGE II,M0,N+,T2,13.93957327,0,13.93957327,0,13.93957327,0,13.93957327,0,,BRCA_LumB,WT,WT,WT,WT,MUT
TCGA-UL-AAZ6-01,BRCA_LumA,STAGE II,MX,N0,T2,17.02995036,0,17.02995036,0,0,0,17.02995036,0,HER2-,BRCA_LumA,WT,WT,WT,WT,WT
TCGA-UU-A93S-01,BRCA_Her2,STAGE IV,M1,N+,T4,3.813656837,1,3.813656837,1,0,0,3.813656837,1,HER2+,BRCA_Her2,MUT,WT,WT,WT,WT
TCGA-V7-A7HQ-01,BRCA_LumA,STAGE III,M0,N+,T1,66.8376237,0,66.8376237,0,66.8376237,0,66.8376237,0,HER2-,BRCA_LumA,WT,WT,WT,WT,WT
TCGA-W8-A86G-01,BRCA_LumA,STAGE II,MX,N0,T2,11.40809416,0,11.40809416,0,11.40809416,0,11.40809416,0,HER2-,BRCA_LumA,WT,WT,WT,WT,WT
TCGA-WT-AB41-01,BRCA_LumA,STAGE II,MX,N+,T2,52.96380314,0,52.96380314,0,52.96380314,0,52.96380314,0,HER2-,BRCA_LumA,WT,MUT,WT,WT,WT
TCGA-WT-AB44-01,BRCA_LumA,STAGE I,MX,N0,T1,29.02981885,0,29.02981885,0,29.02981885,0,29.02981885,0,HER2-,BRCA_LumA,WT,WT,WT,WT,WT
TCGA-XX-A899-01,BRCA_LumA,STAGE III,MX,N+,T1,15.3532564,0,15.3532564,0,15.3532564,0,15.3532564,0,HER2-,BRCA_LumA,WT,MUT,WT,WT,WT
TCGA-XX-A89A-01,BRCA_LumA,STAGE II,MX,N0,T3,16.0436598,0,16.0436598,0,16.0436598,0,16.0436598,0,HER2-,BRCA_LumA,WT,MUT,WT,WT,WT
TCGA-Z7-A8R5-01,BRCA_LumA,STAGE III,MX,N+,T3,108.0645692,0,108.0645692,0,0,0,5.950619719,1,HER2-,BRCA_LumA,WT,MUT,WT,WT,WT
TCGA-Z7-A8R6-01,BRCA_LumB,STAGE I,M0,N0,T1,107.0454022,0,107.0454022,0,107.0454022,0,107.0454022,0,,BRCA_LumB,MUT,WT,WT,WT,WT
